Workbook

Sheet TS_calculation
B1: wB97XD/def2-tzvp SMD(MeOH) (T=298K)
B2: structure | C2: G(DFT) [Hartree] | D2: conc.[M] | E2: correction [Hartree] | F2: G(corrected) [Hartree] | G2: ΔG [Hartree] | H2: ΔG (vs BH4) [kcal/mol] | I2: ΔG (vs each phase) [kcal/mol] | J2: note
A3: 01_methanol autoionization
A4: MeOH | B4: 0 1 C 0.04753500 0.66335800 0.00000000 H 1.08808000 0.98858000 0.00000000 H -0.44449700 1.06730400 0.89048600 H -0.44449700 1.06730400 -0.89048600 O 0.04753500 -0.75593100 0.00000000 H -0.86457700 -1.05588800 0.00000000 | C4: -115.71429 | D4: 24.719 | E4: =0.593*LN(D4/0.0409)/627.5095 -> 0.0060520025 | F4: =E4+C4 -> -115.70824 | G4: 0 | H4: =627.5095*G4 -> 0 | I4: =H4 -> 0
A5: MeOH2+ | B5: 1 1 C 0.76675000 0.00000000 0.01778200 H 1.03626300 -0.00000700 1.06972200 H 1.09850200 -0.89724900 -0.49313200 H 1.09849900 0.89725700 -0.49311900 O -0.70204200 0.00000000 -0.09766900 H -1.10871400 -0.78969600 0.29559600 H -1.10871400 0.78969600 0.29559500 | C5: -116.12456 | F5: =E5+C5 -> -116.12456 | G5: =F5+F6-2*F4 -> 0.034316652 | H5: =627.5095*G5 -> 21.534025 | I5: =H5 -> 21.534025
A6: MeO- | B6: -1 1 C -0.00000200 -0.53025900 0.00000000 H 1.02400700 -1.03933700 0.00000000 H -0.51199000 -1.03934800 0.88681100 H -0.51199000 -1.03934800 -0.88681100 O -0.00000200 0.78744900 0.00000000 | C6: =-115.091076 -> -115.09108 | E6: =-104.5/627.5095 -> -0.16653134 | F6: =E6+C6 -> -115.25761 | G6: 0 | H6: =627.5095*G6 -> 0 | I6: =H6 -> 0 | J6: Calculated by applying the correction.
A7: 02_sodium methanolysis
A8: Na(MeOH)5+ | B8: 1 1 Na 0.01638800 0.24379400 -0.54910600 C 2.82187100 -1.44006600 0.03296100 O 2.11036400 -0.77542700 -1.00276500 H 2.12746700 -2.12291800 0.52123000 H 3.20441100 -0.73287500 0.77431300 H 3.65557700 -2.02010900 -0.37152800 H 2.71536800 -0.18688100 -1.46196000 C -1.22443300 -0.38342600 2.29478200 O 0.09162000 -0.21645700 1.78075300 H -1.74786100 0.56165700 2.15530700 H -1.20432100 -0.62077800 3.36138300 H -1.76401300 -1.17262400 1.76246100 H 0.59617600 -1.01312800 1.96594900 C 2.06904800 2.45418800 0.47065600 O 1.16834400 2.31627700 -0.62205500 H 2.67401700 1.54883600 0.50794000 H 1.53475100 2.56212500 1.41826800 H 2.73025600 3.31360400 0.33110100 H 0.61243400 3.09849200 -0.66184700 C -3.27882500 0.97369700 -0.51604200 O -1.96898100 1.51605300 -0.61736400 H -3.61789300 0.56845300 -1.47338800 H -3.99224600 1.72713500 -0.17187500 H -3.24303700 0.16897700 0.21738100 H -1.99065400 2.25972300 -1.22465800 C -0.55068600 -2.91331600 -0.41143800 O -1.18794800 -1.76665300 -0.96129900 H -0.37027100 -2.79295700 0.66125100 H 0.40387600 -3.03018600 -0.92243200 H -1.14926300 -3.81291200 -0.57471000 H -2.08408100 -1.72218500 -0.61769700 | C8: -740.7776 | D8: 0.05 | E8: =0.593*LN(D8/0.0409)/627.5095 -> 0.00018984496 | F8: =E8+C8 -> -740.77741 | G8: 0 | H8: =627.5095*G8 -> 0 | I8: =H8 -> 0
A9: Na+vac | B9: 1 1 Na 0.00000000 0.00000000 0.00000000 | C9: -162.09643 | F9: =E9+C9 -> -162.09643 | G9: =F9+5*F4-F8 -> 0.13977917 | H9: =627.5095*G9 -> 87.712755 | I9: =H9 -> 87.712755 | J9: good agreement in solvation energy (90.0 kcal/mol) : see https://doi.org/10.1039/D2CP03583A
A10: 03_NaBH4 reduction
A11: Na(BH4)(MeOH)4 | B11: 0 1 Na 0.13504500 -0.15703700 -0.13140600 C -2.66772300 1.55705600 -0.05390900 O -1.76289300 0.97183800 -0.98163500 H -2.08398200 2.18324900 0.61923800 H -3.18630700 0.79531600 0.53467800 H -3.40603000 2.18070700 -0.56524100 H -2.26304500 0.42964400 -1.59702600 C -2.36743500 -2.18297500 0.14738500 O -1.08408000 -2.20391600 -0.46538300 H -3.00525400 -1.53884700 -0.45666500 H -2.31708100 -1.78381900 1.16466100 H -2.80692100 -3.18346600 0.17693800 H -0.53480700 -2.84176000 -0.00107700 C 3.27773900 -1.11305700 -0.14163400 O 2.01656600 -1.46085000 -0.69734000 H 3.74574500 -0.29338000 -0.69385200 H 3.95555100 -1.97100000 -0.13293000 H 3.10178700 -0.79581600 0.88596700 H 2.14488400 -1.74376600 -1.60588200 C 0.79293600 2.97650200 0.05619300 O 1.46790200 1.82014300 -0.42489600 H 0.40883400 2.82061100 1.06864800 H -0.04173000 3.16797400 -0.61660900 H 1.45369300 3.84745600 0.05483600 H 2.24228700 1.67452000 0.12574100 B 0.19983400 -0.18486400 2.55935700 H 1.19467900 0.41442400 2.15946200 H 0.16112500 -0.17135200 3.78143400 H 0.24235400 -1.34288100 2.14885900 H -0.80351300 0.36102300 2.10331200 | C11: -652.41851 | D11: 0.05 | E11: =0.593*LN(D11/0.0409)/627.5095 -> 0.00018984496 | F11: =E11+C11 -> -652.41832 | G11: 0 | H11: =627.5095*G11 -> 0 | I11: =H11 -> 0
A12: Na(BH4)(eq-CyO)(MeOH)4 | B12: 0 1 O 1.36496900 0.28595700 -1.54768500 Na -1.59489400 -0.06955400 0.54836300 H -0.60201000 0.08918300 2.80526800 B 0.24163900 -0.69820100 2.37401700 H 0.77602700 -0.20602600 1.38627800 H -0.31566800 -1.74319100 2.04589800 H 1.08260800 -0.91713400 3.23424100 O -0.93514200 -1.26289300 -1.40405100 O -3.68122300 0.89796700 -0.28550700 C -1.70625300 -0.83795400 -2.51820100 C -3.91842700 2.19559100 0.24755000 H -3.76256900 2.13723100 1.32463800 H -3.22767800 2.92960600 -0.17449000 H -4.94593300 2.51750500 0.05882700 H -1.70297400 0.25222400 -2.61631700 H -1.33426800 -1.27659800 -3.44868500 H -2.73111600 -1.17513300 -2.36118800 H -0.03128300 -0.92476000 -1.52258600 H -3.76927100 0.93220400 -1.24132700 O -0.54491000 1.90975900 -0.31299200 C -0.05092600 2.81836300 0.65785600 H 0.65264700 2.33362200 1.34097900 H 0.44004700 3.67538400 0.18715800 H -0.90197000 3.18055200 1.23539400 H 0.20624100 1.53290800 -0.80034000 O -3.43329700 -1.45182700 1.27375200 H -4.03379500 -0.91353200 0.74342800 C -3.41779400 -2.77706400 0.76302500 H -4.38753300 -3.26500600 0.89699300 H -3.15282900 -2.79644200 -0.29814600 H -2.66515100 -3.33245000 1.32198800 C 2.44068200 0.08247200 -0.99968200 C 3.03811500 -1.28949400 -0.93859700 C 3.24121000 1.20602100 -0.41612300 C 3.67369600 -1.60050700 0.42024600 H 3.81819700 -1.30277000 -1.71046000 H 2.28099700 -2.02245300 -1.21781600 C 3.86745100 0.84922200 0.93518600 H 4.04225400 1.39975000 -1.14080000 H 2.61956000 2.09997300 -0.36216000 C 4.60491200 -0.48288100 0.87406800 H 4.21165500 -2.54723000 0.34877000 H 2.88152900 -1.73518300 1.16166400 H 4.54265900 1.65274400 1.23397200 H 3.07893300 0.79240500 1.69061500 H 5.01842600 -0.72237300 1.85597100 H 5.44874000 -0.40322700 0.18005100 | C12: -962.21783 | F12: -962.21783 | G12: =F12-F34-F11 -> 0.0040472541 | H12: =627.5095*G12 -> 2.5396904 | I12: =H12 -> 2.5396904
A13: [Na(BH4)(eq-CyO)(MeOH)4]‡ | B13: 0 1 O 1.19556800 -1.49535900 0.17527700 Na -1.92796500 -0.61279900 0.42788300 H -0.54376600 1.05001500 -0.94691600 B -0.02872200 1.56768700 0.00451100 H 1.20821900 0.56462400 -0.04552900 H -0.31870700 1.21247500 1.11305700 H 0.60889300 2.56714500 -0.14087700 O -0.52460800 -1.44681800 2.08445700 O -3.61135200 0.65549300 -0.54588200 C -0.72312600 -2.77877400 2.51826000 C -3.66709400 0.51851600 -1.96702400 H -2.64189400 0.55381900 -2.33276000 H -4.11796900 -0.43542300 -2.24803000 H -4.23409100 1.33796400 -2.41274200 H -0.91338200 -3.45506700 1.67677100 H 0.14577900 -3.15267800 3.07040900 H -1.58846900 -2.80361800 3.18290600 H 0.23596600 -1.44845700 1.41681300 H -4.50579600 0.66990900 -0.19441800 O -0.88265100 -1.73688900 -1.31194800 C -1.13130900 -3.09841900 -1.59559400 H -0.40301800 -3.49809000 -2.30979100 H -1.09862700 -3.71448600 -0.68969400 H -2.12635100 -3.18677600 -2.03581100 H 0.00037700 -1.66579800 -0.82161600 O -2.14630200 2.96768500 0.13383600 H -2.73964600 2.25460400 -0.15461600 C -2.41095900 3.23690900 1.49958200 H -3.39618400 3.69567500 1.63197800 H -2.35982300 2.32880800 2.10921200 H -1.65091500 3.93339000 1.85463200 C 1.90710300 -0.35851600 -0.03583000 C 2.89272100 -0.04042300 1.08597100 C 2.57511400 -0.30627900 -1.40784800 C 3.65972500 1.25650700 0.84531100 H 3.59242800 -0.88229800 1.14886000 H 2.34727200 -0.00171200 2.03301000 C 3.34142000 0.99236800 -1.63989000 H 3.26052600 -1.16018600 -1.46573300 H 1.81125000 -0.45189500 -2.17671200 C 4.34361600 1.25544600 -0.51921300 H 4.39567800 1.40614800 1.63926400 H 2.96431000 2.10123100 0.89731400 H 3.85178700 0.95576300 -2.60558300 H 2.63179600 1.82541000 -1.69004100 H 4.85243300 2.20847300 -0.68547400 H 5.11462900 0.47647400 -0.53540900 | C13: -962.17967 | F13: =E13+C13 -> -962.17967 | G13: =F13-F34-F11 -> 0.042205254 | H13: =627.5095*G13 -> 26.484198 | I13: =H13 -> 26.484198 | J13: NBO charge (H:-0.094, C:0.225)
A14: [Na(BH4)(ax-CyO)(MeOH)4]‡ | B14: 0 1 O 1.43670000 -0.72490000 0.16150000 Na -1.79590000 -0.78440000 0.58330000 H -1.12410000 0.92130000 -1.20940000 B -0.72930000 1.73550000 -0.42260000 H 0.73540000 1.11540000 -0.45900000 H -0.84400000 1.53870000 0.75510000 H -0.39820000 2.81860000 -0.80540000 O -0.12570000 -0.82900000 2.19080000 O -3.81860000 -0.27970000 -0.43920000 C 0.16090000 -1.99310000 2.94020000 C -3.87790000 -0.70890000 -1.80100000 H -2.92820000 -0.44300000 -2.26270000 H -4.01900000 -1.79000000 -1.86190000 H -4.68730000 -0.20300000 -2.33080000 H 0.20640000 -2.88410000 2.30340000 H 1.11430000 -1.90090000 3.47180000 H -0.63020000 -2.13740000 3.67830000 H 0.57100000 -0.74530000 1.45840000 H -4.66200000 -0.45930000 -0.01430000 O -0.52420000 -1.84780000 -1.05800000 C -0.38390000 -3.25230000 -0.97440000 H 0.43560000 -3.61130000 -1.60640000 H -0.19420000 -3.58070000 0.05420000 H -1.31030000 -3.71550000 -1.31880000 H 0.31100000 -1.42260000 -0.67570000 O -3.15350000 2.46510000 -0.31870000 H -3.48420000 1.55820000 -0.42770000 C -3.44960000 2.88170000 1.00300000 H -4.52750000 3.00350000 1.15050000 H -3.06920000 2.17270000 1.74550000 H -2.96390000 3.84430000 1.16490000 C 1.71240000 0.53320000 -0.27820000 C 2.40590000 0.55750000 -1.64220000 C 2.48420000 1.37520000 0.73900000 C 3.84820000 0.06750000 -1.52410000 H 2.39720000 1.58120000 -2.03140000 H 1.83750000 -0.06430000 -2.33900000 C 3.92660000 0.88710000 0.86230000 H 2.47780000 2.42190000 0.41680000 H 1.97140000 1.32540000 1.70310000 C 4.62620000 0.88540000 -0.49540000 H 4.33920000 0.11920000 -2.49920000 H 3.84860000 -0.98580000 -1.22550000 H 4.47290000 1.51680000 1.56920000 H 3.93130000 -0.12740000 1.27400000 H 5.64280000 0.49600000 -0.39510000 H 4.71610000 1.91800000 -0.85300000 | C14: -962.17563 | F14: =E14+C14 -> -962.17563 | G14: =F14-F34-F11 -> 0.046246254 | H14: =627.5095*G14 -> 29.019964 | I14: =H14 -> 29.019964
A15: [Na(BH4)(Ph2CO)(MeOH)4]‡ | B15: 0 1 O 0.56453500 -0.24878300 1.29965100 Na -2.70352300 0.02036700 0.81456500 H -1.49015000 -0.54719700 -1.33764000 B -0.89282700 0.48662800 -1.46423700 H 0.34612900 0.00555200 -0.74897300 H -1.13294800 1.39536100 -0.71897600 H -0.37168100 0.72474800 -2.51476000 O -1.30902600 1.38192700 2.07774200 O -4.42893800 -0.50269000 -0.62927000 C -1.34672700 1.31109800 3.49125500 C -4.39822900 -1.85198600 -1.09906500 H -3.35907700 -2.09083100 -1.32104900 H -4.77132500 -2.53758200 -0.33556500 H -4.99144100 -1.95792200 -2.00933500 H -1.33331200 0.27359400 3.84292300 H -0.49927400 1.83997800 3.93981400 H -2.26794400 1.78269100 3.83653500 H -0.51027000 0.86328100 1.76937200 H -5.33935000 -0.25055200 -0.45097700 O -1.44606000 -1.90489400 1.16531200 C -1.57169300 -2.67429900 2.34610700 H -0.76729100 -3.41263500 2.42744500 H -1.55758500 -2.04529800 3.24301500 H -2.52421300 -3.20525000 2.31030000 H -0.59746000 -1.37921900 1.21669100 O -3.42387600 1.31664600 -2.56835900 H -3.80109400 0.63860600 -1.98540700 C -3.68028600 2.58192700 -1.98592900 H -4.75476800 2.77573400 -1.90079000 H -3.22572000 2.67599300 -0.99354100 H -3.24113100 3.34112000 -2.63381100 C 1.14960500 -0.05715900 0.11419700 C 1.90753600 1.25595900 -0.03547100 C 2.46379600 1.61120700 -1.26210300 C 2.04957100 2.11623600 1.04292900 C 3.14767700 2.80621900 -1.40691300 H 2.35628100 0.94541100 -2.11150700 C 2.73851800 3.31542900 0.90154200 H 1.62141400 1.84583500 1.99954600 C 3.28749900 3.66453900 -0.32193200 H 3.57285600 3.07145200 -2.36755900 H 2.84391100 3.97765500 1.75277500 H 3.82252100 4.59992700 -0.43342700 C 1.96596100 -1.26710000 -0.33101500 C 1.44694700 -2.20864200 -1.20896300 C 3.22768400 -1.47709800 0.21924000 C 2.17620200 -3.34456100 -1.53766100 H 0.46374600 -2.05609600 -1.63942700 C 3.95625600 -2.61019600 -0.10545000 H 3.64264200 -0.74702100 0.90530900 C 3.43218200 -3.54794900 -0.98708100 H 1.76030500 -4.07010200 -2.22657400 H 4.93787400 -2.76169700 0.32759600 H 4.00316200 -4.43208500 -1.24377200 | C15: -1228.8716 | F15: =E15+C15 -> -1228.8716 | G15: =F15-F51-F11 -> 0.042290254 | H15: =627.5095*G15 -> 26.537536 | I15: =H15 -> 26.537536
A16: [Na(BH4)(PhMeCO)(MeOH)4]‡ | B16: 0 1 O -0.75351400 -1.52413700 0.52521200 Na 2.04254000 -0.43341500 -0.78157900 H 1.37753600 0.78313300 1.37906900 B 0.52676700 1.45467400 0.86377500 H -0.59422100 0.43877600 1.16003200 H 0.36294200 1.40168400 -0.32392000 H 0.04286700 2.36137300 1.47510200 O 0.07758200 -1.00875800 -1.86475900 O 4.02210300 0.69728500 -0.39399000 C -0.07176400 -2.16286600 -2.66831000 C 4.72294100 0.26279900 0.77305300 H 3.98229200 0.13004800 1.56049000 H 5.23046300 -0.68663100 0.59068300 H 5.45001900 1.01300200 1.08952800 H 0.26097200 -3.06561600 -2.14428100 H -1.11421900 -2.30461400 -2.97364100 H 0.53459100 -2.04247600 -3.56768000 H -0.35821100 -1.19030600 -0.97483400 H 4.65387800 0.86412200 -1.09882600 O 1.76105600 -1.96053800 0.96147600 C 2.04149300 -3.32342300 0.70598400 H 1.63143500 -3.96964900 1.48922000 H 1.63272500 -3.64707200 -0.25801300 H 3.12459700 -3.45503500 0.68392500 H 0.76628400 -1.82977800 0.91521300 O 2.54928200 3.04059500 0.19730300 H 3.14319500 2.28898000 0.03942800 C 2.21392200 3.60091800 -1.05983700 H 3.07903300 4.08387900 -1.52638500 H 1.81826000 2.84664700 -1.74799700 H 1.44230400 4.35336600 -0.89430700 C -1.30858900 -0.48438700 1.17021600 C -1.49690100 -0.73565000 2.66412700 H -2.21670100 -1.54682800 2.80154900 H -0.54328900 -1.03533000 3.10336900 H -1.86196800 0.14953400 3.18742500 C -2.56553000 0.07129200 0.51182500 C -3.08393300 1.30528400 0.89867900 C -3.21874100 -0.64611800 -0.48174200 C -4.23221100 1.80836700 0.30900800 H -2.57604100 1.88298500 1.66313300 C -4.37272900 -0.14607100 -1.07317800 H -2.81985000 -1.60274800 -0.79476800 C -4.88326100 1.08152800 -0.68067500 H -4.61909100 2.77207500 0.61856100 H -4.87138600 -0.71888700 -1.84630500 H -5.78045400 1.47395400 -1.14410700 | C16: -1037.1847 | F16: =E16+C16 -> -1037.1847 | G16: =F16-F53-F11 -> 0.043682254 | H16: =627.5095*G16 -> 27.411029 | I16: =H16 -> 27.411029
A17: [Na(BH4)(4-NO2PhMeCO)(MeOH)4]‡ | B17: 0 1 O 0.32369400 -1.69812600 0.71054800 Na 2.80220500 -0.25146100 -0.95982000 H 2.24458300 0.82220600 1.29509900 B 1.27966200 1.41975200 0.90434700 H 0.30331100 0.30878400 1.21960000 H 1.02291400 1.42550500 -0.26886700 H 0.78823400 2.25426200 1.60641300 O 0.79620700 -1.05579000 -1.75589600 O 4.71511600 0.99455500 -0.57068700 C 0.53242300 -2.11725800 -2.65129900 C 5.45956200 0.58149600 0.57714900 H 4.74458000 0.42400000 1.38313300 H 5.99259000 -0.35086000 0.38000100 H 6.17003900 1.35494000 0.87497400 H 0.91458900 -3.07046700 -2.27084200 H -0.54169000 -2.22359300 -2.83826000 H 1.02537400 -1.90202700 -3.60073200 H 0.49972100 -1.32981700 -0.83696500 H 5.32570200 1.19956700 -1.28413300 O 2.92114800 -1.87089000 0.74041000 C 3.23931200 -3.15726100 0.24001700 H 3.01045500 -3.93884100 0.97170700 H 2.69248900 -3.37812800 -0.68394300 H 4.30887700 -3.18816400 0.02638900 H 1.93031000 -1.83004000 0.86842900 O 3.17322100 3.28092200 0.09271000 H 3.77369500 2.53961800 -0.08649800 C 2.72398500 3.78337800 -1.15288400 H 3.54441600 4.22806100 -1.72618600 H 2.25280300 3.00303900 -1.76011400 H 1.98168200 4.55660600 -0.95248100 C -0.26560000 -0.70596300 1.38314400 C -0.22395500 -0.87687700 2.89856100 H -0.80998000 -1.75751400 3.17291500 H 0.80990700 -1.03178200 3.21170700 H -0.62492400 -0.00884600 3.42367400 C -1.65825100 -0.34462900 0.87996900 C -2.27836800 0.83596400 1.28495400 C -2.32522600 -1.19828800 0.01009900 C -3.54308700 1.16102200 0.83927500 H -1.76044200 1.51630200 1.94989300 C -3.59520000 -0.89267700 -0.44640400 H -1.84358700 -2.11116900 -0.31273400 C -4.18592200 0.28476100 -0.02270800 H -4.02243600 2.07782200 1.15023600 H -4.11528600 -1.55712600 -1.12123300 N -5.52343400 0.61710800 -0.50002800 O -6.03227600 1.65559800 -0.12258400 O -6.07892000 -0.15711800 -1.25624600 | C17: -1241.7109 | F17: =E17+C17 -> -1241.7109 | G17: =F17-F55-F11 -> 0.039779254 | H17: =627.5095*G17 -> 24.96186 | I17: =H17 -> 24.96186
A18: [Na(BH4)(4-MeOPhMeCO)(MeOH)4]‡ | B18: 0 1 O 0.06699000 -1.62952100 0.72123600 Na 2.58668600 -0.32930200 -0.97118700 H 2.12833500 0.80155700 1.28422800 B 1.20299300 1.45354600 0.88730700 H 0.15453900 0.36365500 1.25558100 H 0.90276300 1.42226300 -0.27426900 H 0.74199200 2.30854000 1.58445400 O 0.53489400 -1.03551700 -1.73939200 O 4.55559500 0.85810100 -0.66204200 C 0.19313000 -2.10052400 -2.60217100 C 5.31061400 0.43591400 0.47557300 H 4.60786400 0.30863300 1.29756900 H 5.81183100 -0.51395900 0.27862600 H 6.04959200 1.19099600 0.75020800 H 0.51373500 -3.06666300 -2.19749300 H -0.88752700 -2.14069100 -2.77864800 H 0.69016900 -1.94743100 -3.56178800 H 0.23989100 -1.27426100 -0.80395400 H 5.15692000 1.03266700 -1.39123300 O 2.63659100 -1.92257200 0.75652900 C 2.88929400 -3.22904700 0.27320700 H 2.60582000 -3.98974000 1.00810100 H 2.34438200 -3.42925400 -0.65692600 H 3.95836000 -3.32374000 0.07538000 H 1.64316800 -1.82795100 0.87517200 O 3.03581700 3.12441700 0.07661900 H 3.64966700 2.41402200 -0.17204700 C 2.55341700 3.72494200 -1.11229000 H 3.34654900 4.26899700 -1.63568200 H 2.12384100 2.98436400 -1.79489600 H 1.77066700 4.43136200 -0.83447700 C -0.47582400 -0.60283200 1.40365200 C -0.43904600 -0.80374500 2.91589900 H -1.06299800 -1.66223700 3.17827200 H 0.58651300 -1.00701600 3.23117600 H -0.80403200 0.07209900 3.45516100 C -1.84868400 -0.17472200 0.90407900 C -2.41746300 1.03208500 1.31351200 C -2.57076900 -0.97069300 0.03184800 C -3.66462900 1.42237200 0.87138200 H -1.86803500 1.68421500 1.98380700 C -3.83253600 -0.59708500 -0.42346400 H -2.14648400 -1.90776000 -0.30647700 C -4.38363100 0.60510600 -0.00188800 H -4.09848300 2.36301700 1.18900200 H -4.36449600 -1.24911700 -1.10225100 O -5.60156100 1.06806800 -0.38525500 C -6.37007700 0.27362000 -1.27152700 H -7.29378200 0.82260300 -1.44390500 H -5.85348400 0.12824700 -2.22430000 H -6.60516800 -0.69897400 -0.83030300 | C18: -1151.6885 | F18: =E18+C18 -> -1151.6885 | G18: =F18-F57-F11 -> 0.048747254 | H18: =627.5095*G18 -> 30.589365 | I18: =H18 -> 30.589365
A19: Na(BH3)(eq-CyHO)(MeOH)4 | B19: 0 1 O 1.55425400 -1.60534700 -0.27080700 Na -1.33997200 -0.65782200 0.56010500 H -0.80149600 1.44966200 -0.66586100 B -1.01056000 2.17826200 0.28443800 H 1.25406200 0.32178500 0.41351400 H -0.85129900 1.60773800 1.35608700 H -0.38500600 3.21209300 0.23164300 O 0.13793400 -1.92539200 1.80175700 O -3.53277400 0.13705900 0.00694800 C -0.06678500 -3.27770100 2.14934200 C -3.93052000 -0.21094700 -1.32495000 H -3.09064400 0.01825200 -1.97786600 H -4.16343400 -1.27462700 -1.38572000 H -4.79831800 0.37568800 -1.63032600 H -0.37627300 -3.87808300 1.28577800 H 0.84128800 -3.72568500 2.56884500 H -0.85376100 -3.33395600 2.90438700 H 0.79008900 -1.88058900 1.00828700 H -4.25747300 -0.04354100 0.61364000 O -0.67606400 -1.53606300 -1.49413400 C -1.11954600 -2.84179000 -1.79652700 H -0.47821000 -3.32073200 -2.54491100 H -1.14188800 -3.48273900 -0.90664200 H -2.13158000 -2.78513100 -2.20258900 H 0.26569700 -1.59321800 -1.09406100 O -2.53011400 2.55257000 0.17517000 H -3.05265000 1.70811500 0.09986700 C -3.06835400 3.37339400 1.22447200 H -4.12317000 3.54111600 1.01676600 H -2.93830700 2.88070600 2.18910000 H -2.52626900 4.31570100 1.20680900 C 2.01193600 -0.29247900 -0.11623900 C 3.27880900 -0.23741800 0.73805100 C 2.25540500 0.39229100 -1.46141700 C 3.79244800 1.18907900 0.91644800 H 4.04611700 -0.85014600 0.24855200 H 3.07281100 -0.69569800 1.71022800 C 2.76540200 1.82153400 -1.29429800 H 2.99007000 -0.20260800 -2.01841500 H 1.32849000 0.38487800 -2.04241400 C 4.02327400 1.86767800 -0.43108700 H 4.71428600 1.18837600 1.50425800 H 3.05655700 1.76779300 1.48693900 H 2.95965700 2.26918200 -2.27265300 H 1.98357800 2.42733500 -0.82152900 H 4.34284100 2.90284700 -0.28351300 H 4.83842800 1.35577400 -0.95578100 | C19: -962.20467 | F19: =E19+C19 -> -962.20467 | G19: =F19-F34-F11 -> 0.017205254 | H19: =627.5095*G19 -> 10.79646 | I19: =H19 -> 10.79646
A20: MeOH・BH3 (via CyO reduction) | F20: =F30 -> -142.33408 | G20: =F20+F8+F60-3*F4-(F11-G11)-F34+F6 -> -0.013663252 | H20: =627.5095*G20 -> -8.5738203 | I20: =H20 -> -8.5738203
A21: MeOBH3- (via CyO reduction) | F21: =F31 -> -141.88832 | G21: =F21+F8+F60-3*F4-(F11-G11)-F34+F4 -> -0.018536906 | H21: =627.5095*G21 -> -11.632085 | I21: =H21 -> -11.632085
A22: Na(MeOBH3)(MeOH)4 (via CyO reduction) | F22: =F32 -> -766.96319 | G22: =F22+F60-F4-(F11-G11)-F34 -> -0.024236748 | H22: =627.5095*G22 -> -15.20879 | I22: =H22 -> -15.20879
A23: 04_BH4- methanolysis
A24: BH4- | B24: -1 1 B 0.00000000 0.00000000 0.00000000 H 0.70973300 0.70973300 0.70973300 H -0.70973300 -0.70973300 0.70973300 H -0.70973300 0.70973300 -0.70973300 H 0.70973300 -0.70973300 -0.70973300 | C24: -27.346349 | F24: =E24+C24 -> -27.346349 | G24: =F24+F8-F11-F4 -> 0.0027979975 | H24: =627.5095*G24 -> 1.75577 | I24: =H24 -> 1.75577
A25: MeOH2・BH4 | B25: 0 1 B 2.11262100 0.18049600 0.02870900 H 1.65758800 1.26759400 -0.29477200 H 3.30639800 0.11373900 -0.21114100 H 0.31134500 -0.61145400 -0.25269900 H 1.59315700 -0.70615000 -0.67128300 O -0.70289700 -0.71325800 -0.10159200 C -1.37762400 0.57768300 0.01821000 H -1.16232200 1.11199000 -0.90130200 H -2.43809300 0.36453500 0.10931600 H -0.99455400 1.10584600 0.88742500 H -0.83641800 -1.26542600 0.68478400 H 1.88871800 -0.04319000 1.20960500 | C25: -143.47369 | F25: =E25+C25 -> -143.47369 | G25: =F25+F8+F6-3*F4-F11 -> 0.034327649 | H25: =627.5095*G25 -> 21.540926 | I25: =H25 -> 21.540926
A26: [MeOH2・BH4]‡ | B26: 0 1 B 2.22946500 -0.13163800 0.00052200 H 2.11772500 0.97707500 -0.47500300 H 2.99790300 -0.82446100 -0.62933500 H 0.58375700 -0.07580200 -0.04990800 H 1.18486000 -0.84455200 -0.18586500 O -0.53581700 0.53677500 0.11983800 H 2.44105700 -0.12123000 1.19287400 C -1.64307900 -0.36886600 -0.02457100 H -1.50957800 -1.14460700 0.72580600 H -2.56949300 0.17160300 0.16108200 H -1.65084700 -0.80780500 -1.02239800 H -0.59770200 1.24696300 -0.53114200 | C26: -143.4733 | F26: =E26+C26 -> -143.4733 | G26: =F26-(F25-G25) -> 0.034719649 | H26: =627.5095*G26 -> 21.78691 | I26: =H26 -> 21.78691
A27: BH3-σ(H2) | B27: 0 1 B 0.19033900 0.00579400 -0.00001600 H 0.25573300 1.20864400 -0.00139700 H 0.51956100 -0.51243200 -1.03023300 H 0.51997100 -0.51019500 1.03118600 H -1.15373100 0.29935000 0.00016100 H -1.09323000 -0.51433900 0.00036100 | C27: -27.777504 | F27: =E27+C27 -> -27.777504 | G27: =F27+F4-(F26-G26) -> 0.022276652 | H27: =627.5095*G27 -> 13.978811 | I27: =H27 -> 13.978811
A28: [MeOH・BH3・H2]‡ | B28: 0 1 B -1.71778600 -0.01979900 -0.00818700 H -1.46874500 -0.76425200 -0.91010100 H -1.48385100 -0.34412600 1.11777700 H -2.01375100 1.11372200 -0.25213100 H -3.31157200 -0.88578200 0.01486000 H -3.51721600 -0.16002600 0.11824900 O 0.71814100 0.68408600 -0.12767300 H 0.78904200 1.19558800 0.68245100 C 1.47362500 -0.50780200 0.02464400 H 1.37444400 -1.07505400 -0.90055600 H 2.53250800 -0.28877800 0.19100500 H 1.10119200 -1.11817500 0.85290500 | C28: -143.47596 | F28: =E28+C28 -> -143.47596 | G28: =F28-F4-(F27-G27) -> 0.032057649 | H28: =627.5095*G28 -> 20.116479 | I28: =H28 -> 20.116479
A29: H2 | B29: 0 1 H 0.00000000 0.00000000 0.37254100 H 0.00000000 0.00000000 -0.37254100 | C29: -1.177343 | F29: =E29+C29 -> -1.177343 | G29: 0 | H29: =627.5095*G29 -> 0 | I29: =H29 -> 0
A30: MeOH・BH3 | B30: 0 1 B -1.37078000 -0.26360800 0.02374300 H -1.37063800 -1.06185900 -0.88903900 H -1.36740200 -0.80124800 1.11538700 H -2.22367700 0.59061100 -0.08403200 O 0.00367600 0.51900400 -0.12270400 H 0.03665400 1.29472500 0.45031300 C 1.21065000 -0.25548300 0.02259400 H 2.05897800 0.40770700 -0.13066500 H 1.24369800 -0.70939600 1.01305700 H 1.18297800 -1.02163700 -0.74766900 | C30: -142.33408 | F30: =E30+C30 -> -142.33408 | G30: =F30+F29-(F28-G28) -> -0.0034003508 | H30: =627.5095*G30 -> -2.1337524 | I30: =H30 -> -2.1337524
A31: (MeO)BH3- | B31: -1 1 B 1.26973800 0.20119300 0.00004300 H 1.34506700 0.93326700 -1.00517500 H 1.34500900 0.93295500 1.00549200 H 2.21936600 -0.58409100 -0.00005500 O 0.01147500 -0.58393300 -0.00011200 C -1.15022000 0.19293000 0.00003400 H -2.02889200 -0.46026000 -0.00013700 H -1.20988400 0.84282300 0.88708400 H -1.20983900 0.84322300 -0.88672900 | C31: -141.88832 | F31: =E31+C31 -> -141.88832 | G31: =F31+F4-F6-(F30-G30) -> -0.008274005 | H31: =627.5095*G31 -> -5.1920167 | I31: =H31 -> -5.1920167
A32: Na(MeOBH3)(MeOH)4 | B32: 0 1 Na 0.02717800 0.11601800 -0.07381900 C 2.66401700 -1.84248500 0.50251000 O 1.93025600 -1.12552400 -0.44638100 H 1.98634500 -2.45381400 1.10565600 H 3.21606300 -1.17363400 1.17924000 H 3.39655300 -2.51171400 0.02832400 C -2.35785000 -0.37059000 1.92138500 O -0.96029200 -0.62808100 1.96449500 H -2.48468300 0.70247700 1.78076100 H -2.84357600 -0.66206000 2.85638900 H -2.83650300 -0.89751600 1.09073700 H -0.82492100 -1.56828000 2.11013900 C 1.50076300 3.02616600 0.44508300 O 1.57918700 1.69469500 0.93125800 H 0.59104600 3.47100600 0.84723200 H 1.45584100 3.05124300 -0.64828500 H 2.35780800 3.62055300 0.77536800 H 2.35073100 1.27634900 0.52115900 C -2.63923100 1.62316400 -1.35139800 O -1.37738500 1.88551800 -0.75238600 H -2.52635100 1.24461900 -2.37095200 H -3.26131200 2.52195700 -1.36938100 H -3.13725000 0.86765100 -0.74442600 H -0.94068300 2.58284400 -1.24817400 C -1.20842200 -2.79185200 -0.64753900 O -1.33785200 -1.48906600 -1.19973100 H -1.72445400 -2.87360000 0.31379400 H -0.14499200 -2.97482500 -0.49719600 H -1.60312200 -3.55090500 -1.32850900 H -2.27134300 -1.29522700 -1.31576800 H 3.47421500 -0.90682700 -2.08011100 H 1.94004800 0.41507500 -2.01316700 H 3.44996600 0.52294600 -0.67570300 B 2.73092600 -0.25025500 -1.34067900 | C32: -766.96319 | F32: =E32+C32 -> -766.96319 | G32: =F32+F4-F8-(F31-G31) -> -0.013973847 | H32: =627.5095*G32 -> -8.768722 | I32: =H32 -> -8.768722
A33: 05_BH3 reduction
A34: CyO | B34: 0 1 C -1.01091100 -1.25584800 -0.28186700 C 0.39195700 -1.27506400 0.33632500 C 0.39195400 1.27505900 0.33634200 C -1.01091400 1.25585100 -0.28184500 C -1.77878000 -0.00000300 0.11308800 H 0.30024300 -1.35415200 1.42617600 H 0.98228700 -2.12139500 -0.01514700 H -0.92161600 -1.29822100 -1.37187300 H -1.54990400 -2.15260400 0.02889500 H 0.30024600 1.35413200 1.42619400 H 0.98228300 2.12139600 -0.01511700 H -1.54990800 2.15260100 0.02893400 H -0.92162300 1.29824500 -1.37185100 H -1.94661500 -0.00001200 1.19554700 H -2.76159700 0.00000100 -0.36337100 C 1.14219000 0.00000000 0.06530000 O 2.29165400 0.00000400 -0.33655600 | C34: -309.80506 | D34: 0.2 | E34: =0.593*LN(D34/0.0409)/627.5095 -> 0.0014999009 | F34: =E34+C34 -> -309.80356 | G34: 0 | H34: =627.5095*G34 -> 0 | I34: =H34 -> 0
A35: [CyO・BH3・MeOH]‡ | B35: 0 1 B 2.17283000 -0.40378200 -0.30148900 H 1.99168700 -0.09124000 -1.44284600 H 1.98258600 0.39043400 0.57441500 H 2.58047800 -1.49662800 -0.03554000 O 0.11732400 -1.20944900 -0.11335500 C -0.94084700 -0.62578800 -0.29172900 C -1.01509000 0.82200200 -0.67596500 C -2.25115100 -1.34523800 -0.15510800 C -2.04211000 1.58406900 0.17061500 H -1.33250900 0.84025300 -1.72544200 H -0.02622000 1.27216200 -0.61575500 C -3.25689900 -0.55091400 0.68591900 H -2.64521600 -1.45607300 -1.17241600 H -2.07447200 -2.34166000 0.24936400 C -3.39389600 0.88144700 0.18487900 H -2.13707600 2.59878200 -0.21958200 H -1.66612000 1.66896700 1.19479700 H -4.22006000 -1.06355100 0.66429300 H -2.92242700 -0.54112400 1.72781400 H -4.09211500 1.43226900 0.81880000 H -3.81336200 0.87583900 -0.82688700 O 4.31092900 0.30147000 -0.46222800 H 4.25398700 1.23569000 -0.68245100 C 4.96853200 0.16899200 0.79067200 H 5.01970100 -0.89531100 1.01726500 H 4.41595200 0.67519500 1.58721800 H 5.98377500 0.57132200 0.74337800 | C35: -452.10698 | F35: =E35+C35 -> -452.10698 | G35: =F35-F34-(F30-G30) -> 0.027254748 | H35: =627.5095*G35 -> 17.102613 | I35: =H35-H$32 -> 25.871335
A36: CyO・BH3 | B36: 0 1 C 1.17186100 1.41221000 -0.25316400 C -0.20523900 1.10292400 0.34545600 C 0.38888500 -1.38570000 0.27007500 C 1.74171800 -1.02349600 -0.34777200 C 2.20559700 0.35403700 0.10527300 H -0.16374100 1.21319500 1.43813400 H -0.97008000 1.78483100 -0.01844400 H 1.07609100 1.47264300 -1.34079500 H 1.48385100 2.39708900 0.09600100 H 0.51382600 -1.51302900 1.35399800 H -0.02077100 -2.31461900 -0.12443900 H 2.46595600 -1.79078800 -0.07198000 H 1.65355800 -1.03986200 -1.43769400 H 2.36956300 0.34934500 1.18785700 H 3.16051500 0.59760700 -0.36437400 C -0.62289900 -0.30536600 0.13515800 O -1.79680200 -0.63859000 -0.09155200 B -3.05376500 0.30461500 -0.18144900 H -2.88815800 1.05117000 -1.12613300 H -3.13525100 0.90874800 0.86992300 H -3.98164600 -0.45834600 -0.35254300 | C36: -336.42335 | F36: =E36+C36 -> -336.42335 | G36: =F36+F4-(F35-G35) -> 0.0026507508 | H36: =627.5095*G36 -> 1.6633713 | I36: =H36-H$32 -> 10.432093
A37: [eq-CyO・BH3]‡ | B37: 0 1 B 2.34672700 -0.00001400 1.01063400 H 1.27226000 -0.00003200 1.60066600 O 1.99122200 0.00000400 -0.60622600 H 2.94098300 -1.03221800 1.20082300 H 2.94096600 1.03219400 1.20085300 C 0.73368900 0.00000500 -0.45342200 C -0.02128800 1.27908000 -0.47391000 C -0.02129500 -1.27906500 -0.47395800 C -1.30353400 1.25502700 0.35728100 H -0.27427500 1.39964200 -1.53784100 H 0.64580800 2.09882400 -0.20940900 C -1.30354000 -1.25503700 0.35723400 H -0.27428200 -1.39958800 -1.53789300 H 0.64579800 -2.09882300 -0.20948600 C -2.12443300 0.00000200 0.08943800 H -1.88247700 2.15230500 0.13518600 H -1.03571600 1.29748000 1.41668700 H -1.88248800 -2.15230300 0.13510800 H -1.03572200 -1.29753000 1.41663900 H -2.46639600 0.00002200 -0.95077600 H -3.01546800 -0.00000700 0.72010200 | C37: -336.39984 | F37: =E37+C37 -> -336.39984 | G37: =F37-(F36-G36) -> 0.026160751 | H37: =627.5095*G37 -> 16.41612 | I37: =H37-H$32 -> 25.184842
A38: [ax-CyO・BH3]‡ | B38: 0 1 B 2.79731000 0.00001700 0.24251300 H 2.23757000 0.00005400 1.33656800 O 1.59510200 -0.00005600 -0.87532200 H 3.39507400 -1.03452000 0.08074800 H 3.39503800 1.03456100 0.08065800 C 0.68996600 -0.00000400 0.01808200 C 0.02056600 -1.26464300 0.42198200 C 0.02057700 1.26468400 0.42184500 C -1.37235100 -1.25826300 -0.25037900 H -0.11017600 -1.27394700 1.50527800 H 0.61151300 -2.12403400 0.11085000 C -1.37234200 1.25824300 -0.25051100 H -0.11016300 1.27410600 1.50514100 H 0.61152900 2.12403700 0.11062100 C -2.15287200 0.00001100 0.11002400 H -1.90426400 -2.15600900 0.06601900 H -1.24512500 -1.32012800 -1.33478400 H -1.90424900 2.15602400 0.06579500 H -1.24511800 1.31999500 -1.33492300 H -2.36808100 0.00006800 1.18314000 H -3.11218700 -0.00001200 -0.41135500 | C38: -336.39553 | F38: =E38+C38 -> -336.39553 | G38: =F38-(F36-G36) -> 0.030462751 | H38: =627.5095*G38 -> 19.115665 | I38: =H38-H$32 -> 27.884388
A39: eq-CyOH・BH2 | B39: 0 1 C 1.48598900 -1.25883000 0.26561100 C 0.05289500 -1.25735800 -0.26171700 C 0.05284300 1.25732300 -0.26177600 C 1.48593800 1.25887600 0.26555100 C 2.23643400 0.00002700 -0.15973400 H 0.06032300 -1.29446700 -1.35639100 H -0.49103900 -2.13610400 0.09348700 H 1.46811100 -1.31576800 1.35957300 H 2.00620300 -2.15167900 -0.08803300 H 0.06027100 1.29438000 -1.35645200 H -0.49112400 2.13606300 0.09337800 H 2.00611300 2.15172800 -0.08814500 H 1.46805800 1.31586800 1.35951400 H 2.35168600 0.00000600 -1.24937100 H 3.24256100 0.00006100 0.26647100 C -0.67999600 -0.00002300 0.17195200 O -1.99222700 -0.00006800 -0.41269000 B -3.11027500 0.00003900 0.32577300 H -3.05469400 0.00017300 1.52556200 H -4.15111300 -0.00000800 -0.26824700 H -0.79078400 0.00000100 1.26199400 | C39: -336.45968 | F39: =E39+C39 -> -336.45968 | G39: =F39-(F36-G36) -> -0.033681249 | H39: =627.5095*G39 -> -21.135304 | I39: =H39-H$32 -> -12.366582
A40: MeOBH2 | B40: 0 1 O -0.14776300 -0.49545100 0.00002800 B -1.28058800 0.22485800 0.00001000 H -1.24337200 1.42522200 -0.00005800 H -2.30902000 -0.38909600 0.00005100 C 1.12759000 0.14933600 -0.00002400 H 1.24060600 0.76740700 0.89173700 H 1.89073300 -0.62759600 -0.00002900 H 1.24055700 0.76736600 -0.89182500 | C40: -141.18083 | F40: =E40+C40 -> -141.18083 | G40: =F40+F60-(F39-G39)-F4 -> -0.037758252 | H40: =627.5095*G40 -> -23.693662 | I40: =H40-H$32 -> -14.92494
A41: 06_MeOBH3- methanolysis
A42: MeOH2・MeOBH3 | B42: 0 1 B -0.94612900 1.31122500 0.26468600 H -0.33005100 2.17095100 -0.34991100 H -1.96321600 1.76801900 0.78989400 O -1.20744900 0.16805800 -0.61440900 H 0.68843800 0.20767200 0.87387600 H -0.24264600 0.97033100 1.27400300 O 1.46431000 -0.44791000 0.63813900 C 2.27053900 0.05663000 -0.46991900 H 2.60909800 1.04214800 -0.16666100 H 3.10625500 -0.62660300 -0.58451600 H 1.65975800 0.10312400 -1.36784900 C -1.88626000 -0.89752100 -0.00981600 H -2.01847600 -1.70323900 -0.73729600 H -1.32884900 -1.30042600 0.84972400 H -2.87835300 -0.59493700 0.35482900 H 1.06812500 -1.30900100 0.42904500 | C42: -258.0139 | F42: =E42+C42 -> -258.0139 | G42: =F42-(F31-G31)-(F5-G5) -> 0.025023647 | H42: =627.5095*G42 -> 15.702576 | I42: =H42-H$32 -> 24.471298
A43: [MeOH2・MeOBH3]‡ | B43: 0 1 B -0.80789100 1.26014500 0.24755000 H -0.07451600 2.03428800 -0.33367000 H -1.70740800 1.80831300 0.87059500 O -1.22025500 0.17576900 -0.60821000 H 0.56794500 0.25971100 0.90565300 H -0.15162400 0.81511100 1.31235100 O 1.48338600 -0.49620300 0.61553800 C 2.29764300 0.02354300 -0.45655700 H 2.63273500 1.00774900 -0.14043000 H 3.15051500 -0.63856900 -0.59107100 H 1.71402300 0.09513200 -1.37305100 C -2.04442300 -0.78929200 -0.00591700 H -2.29439000 -1.55612900 -0.74302900 H -1.54038300 -1.27662300 0.84094400 H -2.97732800 -0.34755600 0.36856800 H 1.09552600 -1.34419200 0.36161600 | C43: -258.01627 | F43: =E43+C43 -> -258.01627 | G43: =F43-(F31-G31)-(F5-G5) -> 0.022647647 | H43: =627.5095*G43 -> 14.211613 | I43: =H43-H$32 -> 22.980335
A44: MeOH・MeOBH2 | B44: 0 1 B -0.14304300 1.03356200 0.33923300 H -0.15794500 0.73932200 1.52296100 H -0.00875600 2.21863000 0.10262400 O 1.30826600 0.46328300 -0.20761100 H 2.02009900 1.03781000 0.09912400 C 1.64588700 -0.91573300 0.03458700 H 2.66569400 -1.08420000 -0.30461100 H 1.54882900 -1.14371100 1.09653800 H 0.95729400 -1.51849200 -0.55110900 O -1.15673900 0.41763200 -0.44270900 C -1.86536900 -0.67515300 0.10194000 H -2.46272300 -0.36852100 0.96774400 H -2.54203700 -1.06375400 -0.66227400 H -1.20056800 -1.48689400 0.41623400 | C44: -256.88747 | F44: =E44+C44 -> -256.88747 | G44: =F44+F29-(F43-G43) -> -0.025893353 | H44: =627.5095*G44 -> -16.248325 | I44: =H44-H$32 -> -7.4796032
A45: (MeO)2BH2- | B45: -1 1 C -2.40531300 0.15765200 -0.00001100 O -1.17366800 -0.50353300 0.00001200 H -3.21272800 -0.58028100 0.00004900 H -2.52986000 0.79703700 -0.88700600 H -2.52983400 0.79715100 0.88690400 H 0.00000700 1.12262600 1.01592000 H -0.00001000 1.12265600 -1.01587000 B 0.00000100 0.37831900 0.00001500 O 1.17366800 -0.50353000 -0.00000600 C 2.40531300 0.15765100 -0.00000600 H 2.52983800 0.79711600 0.88693400 H 3.21272700 -0.58028500 0.00002500 H 2.52986300 0.79707000 -0.88697600 | C45: -256.44197 | F45: =E45+C45 -> -256.44197 | G45: =F45+F4-F6-(F44-G44) -> -0.031024007 | H45: =627.5095*G45 -> -19.467859 | I45: =H45-H$32 -> -10.699137
A46: Na((MeO)2BH2)(MeOH)4 | B46: 0 1 Na 0.27494800 0.20005000 -0.28537700 C -1.39015600 -2.85653200 -0.11233100 O -1.36834600 -1.45914000 -0.10384100 H -0.52614100 -3.23670100 0.43833300 H -1.35134200 -3.25788100 -1.13485000 H -2.29683400 -3.25338000 0.36598900 C 2.38764700 2.56836200 -0.07366000 O 1.47058300 2.08528600 -1.04762200 H 1.83008000 2.71399400 0.85103600 H 2.81803100 3.52600900 -0.37838700 H 3.19462200 1.85271300 0.10625700 H 1.93659700 1.96825000 -1.87946800 C -1.40681300 0.85980300 2.57854200 O -1.08507900 1.65005800 1.44793500 H -0.71161000 1.11713100 3.37894300 H -1.31441600 -0.20985100 2.36451000 H -2.42520900 1.05754700 2.92930300 H -1.64897200 1.36252900 0.70021600 C 1.48008400 -1.64030400 1.98352600 O 1.64562400 -0.28252200 1.59899900 H 0.47194500 -1.82857800 2.36259800 H 2.20998700 -1.92873500 2.74491100 H 1.64218100 -2.24903400 1.09407200 H 1.47649300 0.27781600 2.36051200 C 3.00144900 -1.12277600 -1.44368400 O 1.59788800 -1.30064100 -1.58066000 H 3.32075100 -1.23032000 -0.40332700 H 3.23392000 -0.11322300 -1.78133100 H 3.55276500 -1.83520900 -2.06327300 H 1.37194400 -2.19716900 -1.31790100 H -3.56042300 -0.94545200 -0.17611500 H -2.62527600 -1.24313100 -1.95394400 B -2.48713700 -0.79881100 -0.79708800 O -2.09220100 0.63031200 -0.83784100 C -2.92171200 1.47662300 -1.58647400 H -3.95326800 1.46812300 -1.21016000 H -2.54105500 2.49861100 -1.52132200 H -2.94426600 1.18155900 -2.64328400 | C46: -881.52306 | F46: =E46+C46 -> -881.52306 | G46: =F46+F4-(F45-G45)-F8 -> -0.04294785 | H46: =627.5095*G46 -> -26.950184 | I46: =H46-H$32 -> -18.181462
A47: 07_Na(MeOBH3) reduction
A48: Na(MeOBH3)(eq-CyO)(MeOH)4 | B48: 0 1 H -0.56652900 -1.58783900 1.14343400 B 0.30123700 -0.91261100 1.71139300 Na 1.93409000 0.44544900 -0.28864900 H 0.21798800 -1.11324500 2.93179600 C 2.02946900 -2.58654200 1.32085800 H 2.09514600 -2.88993400 2.37605500 H 1.30842200 -3.25624600 0.82973700 H 3.00907600 -2.74302900 0.86025900 O -1.31569100 0.95569700 -1.38065100 O 0.87022000 -0.55594000 -2.15963700 H 0.00933500 -0.10821000 -2.12479500 C 0.65134800 -1.94991600 -1.99182400 H 1.62572500 -2.43018600 -1.90078700 H 0.07110500 -2.15678500 -1.08860500 H 0.13237600 -2.37435200 -2.85651900 O 0.78270800 2.49690100 -0.47926000 C 0.64324200 3.28969500 0.68903900 H 0.32074600 2.69046800 1.54611700 H 1.61820100 3.72326400 0.91299600 H -0.07179500 4.10260600 0.53335400 H 0.09835300 0.28015000 1.47463300 H -0.08688000 2.13337000 -0.72523700 O 4.21703300 0.85257700 -0.03545400 C 4.92070600 -0.32627300 0.34269600 H 4.63211900 -1.11327600 -0.35340900 H 6.00137800 -0.17721500 0.27398700 H 4.66271900 -0.63550100 1.35870700 O 1.65831800 -1.24633800 1.19479100 H 4.46750100 1.56453600 0.55880700 C -2.29725600 0.56883700 -0.76053000 C -2.81819300 1.33187800 0.41864500 C -3.06873700 -0.63568800 -1.20633000 C -3.32813600 0.42876000 1.54411600 H -3.65498800 1.92585800 0.02868600 H -2.05105800 2.02785600 0.75960500 C -3.59395100 -1.49077500 -0.05047700 H -3.92073500 -0.23073300 -1.76815500 H -2.45954100 -1.21031200 -1.90494100 C -4.27563600 -0.64095500 1.01497400 H -3.82286700 1.04681900 2.29519600 H -2.47524300 -0.05061000 2.03260700 H -4.28294900 -2.23730300 -0.44917400 H -2.75815100 -2.03197700 0.40082900 H -4.61167000 -1.27757000 1.83610900 H -5.16679300 -0.16480900 0.59156400 | C48: -961.05425 | F48: =E48+C48 -> -961.05425 | G48: =F48-(F32-G32)-F34+F4 -> -0.0097157459 | H48: =627.5095*G48 -> -6.0967228 | I48: =H48-H$32 -> 2.6719992
A49: [Na(MeOBH3)(eq-CyO)(MeOH)4]‡ | B49: 0 1 H 1.19807400 -0.12660800 -0.80717500 B 0.30345700 -0.11066700 -1.74040000 Na -1.98423000 0.71049400 -0.08590200 H 0.86921100 -0.56632700 -2.72599800 C -0.71278700 -2.27845500 -1.33926100 H -0.51299800 -2.62656500 -2.36027900 H 0.10596200 -2.62472700 -0.69769500 H -1.64090100 -2.73746800 -0.99283700 O 0.78359400 0.82528900 1.23631000 O -1.51286100 -0.24956900 2.05190800 H -0.57657600 0.00082300 1.88547400 C -1.58736900 -1.64867700 2.25520700 H -2.62294400 -1.90123900 2.48552900 H -1.28227900 -2.20612100 1.36454400 H -0.96090700 -1.96223400 3.09630200 O -0.90271500 2.74113500 0.48285400 C -0.52064400 3.75772400 -0.42587700 H -0.09736800 3.34047800 -1.34511200 H -1.41271300 4.32986900 -0.68316600 H 0.21049900 4.43706000 0.02302300 H 0.01092500 1.07256800 -1.82707200 H -0.11190700 2.21860000 0.74051100 O -4.16770600 0.12719700 -0.59835800 C -4.27857900 -1.28469400 -0.74614900 H -3.72212300 -1.74115900 0.07245500 H -5.32144100 -1.60572800 -0.68222700 H -3.85517600 -1.61966000 -1.69630900 O -0.84605700 -0.87962400 -1.30132300 H -4.63593600 0.55169900 -1.32133900 C 1.72514400 0.28530400 0.58682400 C 2.81933400 1.17768100 0.04068400 C 2.14324900 -1.11750600 0.97706600 C 3.77733400 0.47612800 -0.91590200 H 3.36830300 1.52190600 0.92636400 H 2.35990300 2.05795800 -0.41341300 C 3.10948600 -1.77632700 0.00054800 H 2.63038800 -1.00080100 1.95359900 H 1.24625700 -1.71862800 1.13756800 C 4.27222600 -0.85013700 -0.34540100 H 4.62090800 1.13634400 -1.12868100 H 3.26988900 0.29332900 -1.86739300 H 3.48067300 -2.70793700 0.43317000 H 2.57317500 -2.04235300 -0.91526400 H 4.93645200 -1.33815200 -1.06240200 H 4.86350200 -0.65869800 0.55718600 | C49: -961.03651 | F49: =E49+C49 -> -961.03651 | G49: =F49-(F32-G32)-F34+F4 -> 0.0080212541 | H49: =627.5095*G49 -> 5.0334132 | I49: =H49-H$32 -> 13.802135 | J49: NBO charge (H:-0.195, C:0.374)
A50: [Na(MeOBH3)(ax-CyO)(MeOH)4]‡ | B50: 0 1 H -0.58824600 -0.00656500 1.01634100 B 0.24847100 0.12366300 1.99632300 Na 2.07434000 0.62768700 -0.27779700 H -0.34345400 -0.37491000 2.94762900 C 1.41894200 -1.95152700 1.57131800 H 1.23888700 -2.38254600 2.56405700 H 0.61357000 -2.28455700 0.90667600 H 2.36600900 -2.34023800 1.19049000 O -1.24649800 0.40232600 -1.09774200 O 1.04477100 -0.80016400 -1.79408200 H 0.11246200 -0.52942000 -1.64928900 C 1.10526100 -2.17927600 -2.10160200 H 2.15584200 -2.46178700 -2.17690800 H 0.63608900 -2.79034100 -1.32483900 H 0.61800300 -2.39447400 -3.05793600 O 0.60743900 2.33367200 -0.93141100 C 0.30150000 3.50144800 -0.19023200 H 0.02308700 3.26424300 0.84102600 H 1.19208000 4.13072800 -0.17341600 H -0.51249600 4.06426500 -0.65701900 H 0.43145200 1.32632300 2.08964600 H -0.19828500 1.77728500 -1.00492500 O 4.39047500 0.54255400 -0.12181700 C 4.84642000 -0.64327400 0.52194100 H 4.35472800 -1.48517900 0.03554400 H 5.92762700 -0.75825400 0.41182500 H 4.58932500 -0.64414400 1.58426400 O 1.48652900 -0.54751100 1.63446300 H 4.84398400 1.29624500 0.26368600 C -1.75295300 0.03583600 0.00411900 C -2.18643200 -1.40759700 0.15268500 C -2.62422000 1.01423300 0.75999400 C -3.61606600 -1.52392000 -0.39590700 H -2.17512700 -1.69471600 1.20562800 H -1.49750400 -2.05252300 -0.39486300 C -4.05309700 0.88919800 0.21141400 H -2.62023700 0.77174800 1.82466700 H -2.23594700 2.02527200 0.62908700 C -4.55686400 -0.54911500 0.30865200 H -3.96582000 -2.55094400 -0.27212800 H -3.60758000 -1.31494200 -1.47032700 H -4.71072000 1.56336400 0.76402300 H -4.06631800 1.21306500 -0.83408600 H -5.55955500 -0.62318200 -0.11883000 H -4.63861200 -0.82973500 1.36455000 | C50: -961.03323 | F50: =E50+C50 -> -961.03323 | G50: =F50-(F32-G32)-F34+F4 -> 0.011303254 | H50: =627.5095*G50 -> 7.0928993 | I50: =H50-H$32 -> 15.861621
A51: Ph2CO | B51: 0 1 C 0.00000000 1.11186000 0.00000100 O 0.00000000 2.33196600 0.00000700 C 1.28868600 0.36502000 -0.03476600 C 2.40925400 0.93452500 0.56832100 C 1.41063700 -0.85347600 -0.69941500 C 3.63040400 0.28528300 0.52297100 H 2.31294300 1.88225000 1.08331600 C 2.64014300 -1.49040100 -0.76304200 H 0.55120800 -1.29598900 -1.18657700 C 3.74754700 -0.92650200 -0.14633400 H 4.49371400 0.72435300 1.00731000 H 2.73259500 -2.42955200 -1.29401200 H 4.70510700 -1.43122300 -0.18768900 C -1.28868500 0.36502000 0.03476500 C -2.40925100 0.93452100 -0.56833100 C -1.41064000 -0.85347200 0.69942100 C -3.63040100 0.28528100 -0.52298100 H -2.31293600 1.88224200 -1.08333200 C -2.64014700 -1.49039500 0.76304900 H -0.55121300 -1.29598300 1.18659000 C -3.74754800 -0.92649900 0.14633200 H -4.49370900 0.72434800 -1.00732600 H -2.73260200 -2.42954200 1.29402500 H -4.70510900 -1.43121800 0.18768800 | C51: -576.49703 | D51: 0.2 | E51: =0.593*LN(D51/0.0409)/627.5095 -> 0.0014999009 | F51: =E51+C51 -> -576.49553 | G51: 0 | H51: =627.5095*G51 -> 0 | I51: =H51 -> 0
A52: [Na(MeOBH3)(Ph2CO)(MeOH)3]‡ | B52: 0 1 C -1.14174300 0.06890500 -0.31603200 H -0.74768400 0.41321900 1.13986200 B 0.11789300 0.80041200 2.03567100 Na 2.12761200 0.56877100 -0.33703100 H -0.43045400 0.52604100 3.09586000 C 1.41796700 -1.24625200 2.19257700 H 1.17254500 -1.36320100 3.25494600 H 0.71898100 -1.85939100 1.61295100 H 2.43028100 -1.62090200 2.02578600 O -0.12030600 0.21446600 -1.03684800 O 1.96938200 -1.24307900 -2.00534400 H 1.04537300 -0.99506000 -1.82797400 C 2.22101000 -2.50871900 -1.41651700 H 3.29519200 -2.69010800 -1.46305800 H 1.90810500 -2.53684900 -0.36853400 H 1.70758400 -3.30952500 -1.95760700 O 2.30834900 2.90379900 -0.02711000 C 3.23859800 3.12241700 1.02839900 H 2.99251400 2.51881600 1.90700400 H 4.22135700 2.83113200 0.65925700 H 3.26814000 4.17656900 1.31517100 H 0.23372800 1.99337700 1.80404300 H 1.43780400 3.17593700 0.27953200 O 4.27004400 -0.19077400 0.14986200 C 5.23430100 -0.27687100 -0.89038200 H 5.97959100 -1.04759400 -0.67633600 H 4.70405200 -0.54447900 -1.80379300 H 5.74099500 0.67989500 -1.04400200 O 1.36418500 0.10805100 1.80668600 H 4.70667000 0.08307900 0.95997900 C -2.19490500 1.15256100 -0.37541900 C -3.55523700 0.87811200 -0.29632000 C -1.77984400 2.46949100 -0.56663000 C -4.48577400 1.90424200 -0.40449500 H -3.90182600 -0.13821200 -0.16356200 C -2.70576400 3.49223200 -0.66560000 H -0.72118600 2.68680200 -0.63299400 C -4.06521600 3.21173900 -0.58453500 H -5.54312600 1.67535500 -0.34917400 H -2.36923400 4.51225600 -0.80652600 H -4.79138300 4.01157400 -0.66468400 C -1.59465700 -1.34242300 -0.00564200 C -2.22804800 -1.68464300 1.18556500 C -1.37422200 -2.32766000 -0.96048700 C -2.61917900 -2.99084700 1.42327800 H -2.39380200 -0.92587700 1.94043300 C -1.76693600 -3.63836000 -0.72438200 H -0.90067300 -2.07063700 -1.89966400 C -2.38631900 -3.97409000 0.46891400 H -3.10019600 -3.24576200 2.35975200 H -1.58684900 -4.39623800 -1.47714700 H -2.68711800 -4.99747100 0.65774300 | C52: -1227.7269 | F52: =E52+C52 -> -1227.7269 | G52: =F52-(F32-G32)-F51+F4 -> 0.0096192541 | H52: =627.5095*G52 -> 6.0361733 | I52: =H52-H$32 -> 14.804895
A53: PhMeCO | B53: 0 1 C -1.33835200 -0.17941400 0.00000000 C -1.67420800 -1.52126200 0.00000000 C -0.67496600 -2.48675800 0.00000000 C 0.65875300 -2.10560400 0.00000000 C 0.99619100 -0.76113800 0.00000000 C 0.00000000 0.21404200 0.00000000 C 0.32866100 1.67024000 0.00000000 O -0.56087600 2.50372300 0.00000000 C 1.76815900 2.09011100 0.00000000 H -2.11375600 0.57592900 0.00000000 H -2.71575600 -1.81774400 0.00000000 H -0.93757700 -3.53772600 0.00000000 H 1.43908000 -2.85644000 0.00000000 H 2.04095000 -0.47951600 0.00000000 H 2.27920600 1.69404700 0.88018800 H 1.83023000 3.17631500 0.00000000 H 2.27920600 1.69404700 -0.88018800 | C53: -384.81154 | D53: 0.2 | E53: =0.593*LN(D53/0.0409)/627.5095 -> 0.0014999009 | F53: =E53+C53 -> -384.81004 | G53: 0 | H53: =627.5095*G53 -> 0 | I53: =H53 -> 0
A54: [Na(MeOBH3)(PhMeCO)(MeOH)3]‡ | B54: 0 1 C 0.94783400 1.73642100 -0.20430200 H 0.40255400 1.39243600 1.10516800 B -0.46661500 0.85374600 1.93716300 Na -1.14191900 -0.44105000 -0.70452900 H -0.36011600 1.55844000 2.92836400 C -2.41384200 2.12196600 1.19526200 H -2.55572600 2.56855200 2.18591600 H -1.84561600 2.82354500 0.57674300 H -3.39274200 1.96575300 0.73794700 O 0.06461600 1.51915400 -1.08367800 O -2.91983300 0.51454800 -1.93279300 H -2.81522100 1.46351100 -1.82050000 C -4.26698300 0.16564300 -1.64308500 H -4.36857100 -0.90544000 -1.81262800 H -4.52389100 0.38447300 -0.60301700 H -4.96082500 0.69427700 -2.30230700 O 0.24767100 -2.32952200 -1.00745200 C 0.94018200 -2.74133800 0.16730100 H 1.50837600 -1.91691800 0.60594600 H 0.19133000 -3.07660400 0.88323300 H 1.61728800 -3.57155300 -0.04789400 H -0.06367300 -0.29052700 2.04324900 H 0.89827300 -2.14450500 -1.69055300 O -2.74753400 -1.59070800 0.79405100 C -2.52925900 -2.61034000 1.75350300 H -3.35852000 -2.66892500 2.46593100 H -2.45988200 -3.56013600 1.22267400 H -1.60123500 -2.44764000 2.30934300 O -1.75599700 0.87891400 1.29369300 H -2.63680800 -0.72437900 1.22418700 C 1.26411800 3.17871000 0.15248500 H 1.85035200 3.60316400 -0.66856700 H 0.33902500 3.74560000 0.25419800 H 1.84450700 3.26356600 1.07072400 C 2.13398600 0.78936300 -0.14522100 C 2.89344500 0.62191000 1.00899300 C 2.48635000 0.09012300 -1.29262800 C 3.97849300 -0.23891500 1.01819000 H 2.61829800 1.15185400 1.91388200 C 3.57575500 -0.77120700 -1.28730900 H 1.90030800 0.22123900 -2.19382700 C 4.32221300 -0.94030300 -0.13144300 H 4.55393700 -0.37033200 1.92660000 H 3.83903900 -1.31153500 -2.18880900 H 5.16860200 -1.61637900 -0.12304700 | C54: -1036.0404 | F54: =E54+C54 -> -1036.0404 | G54: =F54-(F32-G32)-F53+F4 -> 0.010590254 | H54: =627.5095*G54 -> 6.6454851 | I54: =H54-H$32 -> 15.414207
A55: 4-NO2PhMeCO | B55: 0 1 C -0.60054800 -1.25883900 0.00000300 C 0.77956900 -1.22848600 0.00000600 C 1.40892100 0.00487500 0.00000300 C 0.70961300 1.19727000 -0.00000500 C -0.67283900 1.14851000 -0.00000700 C -1.33613600 -0.07558700 -0.00000400 C -2.83608800 -0.15809700 -0.00000600 O -3.38004100 -1.24480600 -0.00002700 C -3.62962300 1.11045800 0.00001100 H -1.11692800 -2.20906400 0.00000600 H 1.35706400 -2.14124800 0.00001200 H 1.23052400 2.14325600 -0.00000800 H -1.22462200 2.07802500 -0.00001300 H -3.38465900 1.70879600 0.88051800 H -4.69174900 0.87597300 0.00001300 H -3.38466800 1.70881400 -0.88048600 N 2.87539900 0.04748000 0.00000600 O 3.47973300 -1.00540100 0.00001000 O 3.41906100 1.13301500 0.00000500 | C55: -589.33382 | D55: 0.2 | E55: =0.593*LN(D55/0.0409)/627.5095 -> 0.0014999009 | F55: =E55+C55 -> -589.33232 | G55: 0 | H55: =627.5095*G55 -> 0 | I55: =H55 -> 0
A56: [Na(MeOBH3)(4-NO2PhMeCO)(MeOH)3]‡ | B56: 0 1 C -0.17947700 2.02474500 -0.28748800 H -0.65373300 1.62073000 1.08453700 B -1.36749100 0.88958300 1.90025100 Na -1.79763500 -0.57377300 -0.69899300 H -1.40863400 1.56910800 2.91533500 C -3.53208300 1.73656800 1.16670600 H -3.75962100 2.14971300 2.15612600 H -3.11023300 2.53455600 0.54734600 H -4.46164500 1.39269900 0.70900700 O -0.99242000 1.58371700 -1.13849000 O -3.75158800 -0.01330400 -1.90135300 H -3.84926500 0.93753100 -1.79873500 C -4.97892400 -0.63911400 -1.54987800 H -4.85943100 -1.70772900 -1.72334900 H -5.22500300 -0.47805400 -0.49667600 H -5.80006800 -0.27080300 -2.17058100 O -0.04413200 -2.11604200 -1.03297000 C 0.71727500 -2.40420500 0.13585100 H 1.06961200 -1.48927300 0.62011900 H 0.06450200 -2.93917200 0.82397500 H 1.57450100 -3.03865900 -0.10128600 H -0.73354600 -0.14816000 1.98244300 H 0.55562200 -1.80459300 -1.71633400 O -3.07211400 -1.99689000 0.86503900 C -2.63947100 -2.91469600 1.85419700 H -3.42264400 -3.09491600 2.59753100 H -2.40909600 -3.85732900 1.35721700 H -1.74260100 -2.55822600 2.36941300 O -2.64440000 0.64672000 1.26839300 H -3.15067300 -1.11386500 1.26746600 C -0.16685400 3.50972700 0.01742000 H 0.33224400 4.01308200 -0.81657700 H -1.18910600 3.87866000 0.09052000 H 0.37235700 3.74357600 0.93450400 C 1.17053800 1.33474400 -0.17661300 C 1.92441900 1.36162900 0.99320400 C 1.66797800 0.68013000 -1.29673500 C 3.14985600 0.72997500 1.05576900 H 1.53769700 1.85962800 1.87348800 C 2.89541200 0.04266700 -1.25519500 H 1.08685000 0.66592200 -2.20914200 C 3.61445300 0.07502900 -0.07446400 H 3.73141600 0.73571300 1.96601400 H 3.28380700 -0.46996600 -2.12323500 N 4.90414400 -0.60827300 -0.01387300 O 5.28117700 -1.21966600 -0.99476200 O 5.54727300 -0.53851700 1.01526900 | C56: -1240.5647 | F56: =E56+C56 -> -1240.5647 | G56: =F56-(F32-G32)-F55+F4 -> 0.0086242541 | H56: =627.5095*G56 -> 5.4118014 | I56: =H56-H$32 -> 14.180523
A57: 4-MeOPhMeCO | B57: 0 1 O 3.25504900 1.05263400 0.00000200 C 2.58699700 0.02963300 -0.00001000 C 3.25850600 -1.31345300 -0.00002200 H 2.96214100 -1.88780500 0.88033000 H 2.96215700 -1.88778100 -0.88039700 H 4.33820300 -1.17895300 -0.00000800 C 1.10605700 0.09402800 -0.00001800 C 0.31535300 -1.05151500 -0.00003100 C 0.46934600 1.34065600 -0.00000400 C -1.06797900 -0.97464400 -0.00002500 H 0.77236000 -2.03240100 -0.00004500 C -0.90162200 1.43518600 0.00000100 H 1.06766400 2.24282800 0.00000600 C -1.68270700 0.27493000 -0.00000800 H -1.65060100 -1.88468500 -0.00003100 H -1.39547200 2.39890200 0.00001100 O -3.01497800 0.46329900 -0.00000300 C -3.86440500 -0.67542000 0.00008600 H -4.88080800 -0.28818200 0.00012000 H -3.70678900 -1.28293700 -0.89427000 H -3.70669700 -1.28285900 0.89447800 | C57: -499.32042 | D57: 0.2 | E57: =0.593*LN(D57/0.0409)/627.5095 -> 0.0014999009 | F57: =E57+C57 -> -499.31892 | G57: 0 | H57: =627.5095*G57 -> 0 | I57: =H57 -> 0
A58: [Na(MeOBH3)(4-MeOPhMeCO)(MeOH)3]‡ | B58: 0 1 C -0.01354000 2.00571800 -0.25014000 H -0.53951100 1.64442100 1.02932000 B -1.32940400 0.98863500 1.87233500 Na -1.46021100 -0.61307700 -0.66852200 H -1.42033600 1.77335400 2.80118600 C -3.45205800 1.76557200 0.96293500 H -3.74515200 2.22325800 1.91436600 H -3.00839100 2.53832700 0.32784100 H -4.34588400 1.37833500 0.47042300 O -0.79126100 1.56974100 -1.15534500 O -3.29724700 -0.13303400 -2.08305400 H -3.35205700 0.82332200 -2.00003200 C -4.58066200 -0.68898200 -1.83066300 H -4.50353300 -1.76480200 -1.98272500 H -4.90571400 -0.50107900 -0.80379900 H -5.32648700 -0.28769400 -2.52213200 O 0.27154000 -2.23838500 -0.70687400 C 0.93708900 -2.36468700 0.54656500 H 1.27948500 -1.39477800 0.91658000 H 0.22033700 -2.78071500 1.25297500 H 1.79068200 -3.04274700 0.47085400 H -0.69702000 -0.03097800 2.07700400 H 0.92551700 -2.00259900 -1.37109600 O -2.91916400 -1.95801100 0.78967400 C -2.60306000 -2.84396900 1.84931300 H -3.47752700 -3.03745200 2.47892200 H -2.27580100 -3.78687200 1.41057000 H -1.79950200 -2.44906800 2.47786400 O -2.55257400 0.69954100 1.17472700 H -3.04703800 -1.06430700 1.15357500 C -0.00297100 3.50299000 0.01408900 H 0.51890200 3.98582600 -0.81790000 H -1.02547100 3.87835200 0.05366600 H 0.51139200 3.75970200 0.93996600 C 1.32952700 1.31940200 -0.09251700 C 2.07511800 1.39719300 1.08400900 C 1.85332200 0.60240400 -1.15486200 C 3.29536100 0.76623200 1.19509500 H 1.68099200 1.93995600 1.93581700 C 3.08514600 -0.03757900 -1.06479100 H 1.29197700 0.53545500 -2.07862200 C 3.80764100 0.03861100 0.11871600 H 3.86524500 0.81428000 2.11500900 H 3.46047900 -0.58774600 -1.91622100 O 5.00662400 -0.55821500 0.32245100 C 5.55859800 -1.33144800 -0.72980900 H 6.50169100 -1.72154400 -0.35262100 H 4.90234400 -2.16507500 -0.99442000 H 5.74930300 -0.71830200 -1.61458600 | C58: -1150.5445 | F58: =E58+C58 -> -1150.5445 | G58: =F58-(F32-G32)-F57+F4 -> 0.015414254 | H58: =627.5095*G58 -> 9.6725909 | I58: =H58-H$32 -> 18.441313
A59: Na(MeOBH2)(eq-CyO)(MeOH)4 | B59: 0 1 H -1.73731600 0.96813900 0.47954900 B 2.82278300 1.62434700 1.78713100 Na 1.73228600 0.11602200 -0.76911000 H 2.75912500 2.25532900 2.80284500 C 0.87403200 0.31591700 2.42613300 H 0.94260900 0.90699400 3.34044100 H -0.06848000 0.52570200 1.92105400 H 0.93119500 -0.74510600 2.66647100 O -0.67295400 0.01066500 -0.99442900 O 0.75416500 -2.10436600 -1.26041800 H 0.02975600 -1.41497200 -1.14546800 C 0.84696200 -2.88636200 -0.08740000 H 1.68692800 -3.57429800 -0.19797800 H 1.02163500 -2.27241900 0.80513000 H -0.05935900 -3.47836600 0.07945800 O 0.57331700 2.18919000 -1.43313900 C 0.33532200 3.10649200 -0.38504900 H 0.31628800 2.61242100 0.59317500 H 1.13709300 3.84781000 -0.37790400 H -0.61694800 3.63273300 -0.51970100 H 3.64527900 1.82142300 0.94021800 H -0.06450100 1.40920300 -1.32128000 O 3.97857000 -0.35406300 -1.04914500 C 4.51636900 -1.18787800 -0.02943800 H 3.78877900 -1.97635600 0.16228300 H 5.45441600 -1.64702200 -0.35137900 H 4.68740200 -0.62883500 0.89454600 O 1.94510900 0.63483200 1.53826000 H 4.60029800 0.35519200 -1.23007700 C -1.85035100 0.15385700 -0.26393800 C -3.02916000 0.54429600 -1.15880500 C -2.19167600 -1.11397500 0.51974300 C -4.32950200 0.69559600 -0.37320200 H -3.14639500 -0.23346200 -1.92383400 H -2.78582300 1.47456700 -1.68175100 C -3.48689900 -0.97248500 1.31517600 H -2.28483400 -1.94143800 -0.19520200 H -1.35923300 -1.36008300 1.18515100 C -4.65198800 -0.57126300 0.41464100 H -5.15314000 0.94215900 -1.04855900 H -4.23409400 1.53616300 0.32415500 H -3.71393800 -1.90679400 1.83563200 H -3.35214300 -0.20763100 2.08910000 H -5.55797500 -0.42706400 1.00950600 H -4.85999500 -1.38719700 -0.28722500 | C59: -961.05164 | F59: =E59+C59 -> -961.05164 | G59: =F59-(F32-G32)-F34+F4 -> -0.0071067459 | H59: =627.5095*G59 -> -4.4595505 | I59: =H59-H$32 -> 4.3091715
A60: CyOH | B60: 0 1 C -1.12994700 1.27390800 0.20999100 C 0.34384200 1.24362200 -0.18845500 C 0.30726000 -1.26572600 -0.17637100 C -1.16783400 -1.24430800 0.21701100 C -1.85868500 0.02419900 -0.27607700 H 0.43363900 1.27092800 -1.28027400 H 0.86580700 2.12118200 0.20441000 H -1.20868000 1.33572000 1.30115600 H -1.60414200 2.17261700 -0.19111500 H 0.39782800 -1.30737100 -1.26780600 H 0.80008800 -2.15440600 0.22610600 H -1.66839000 -2.12971200 -0.18152000 H -1.25167800 -1.29875300 1.30811800 H -1.87659200 0.02171900 -1.37181300 H -2.89890600 0.04028200 0.05858300 C 1.02481600 -0.02139500 0.31532300 H 1.00735500 -0.01663600 1.41394600 O 2.38013200 -0.09992800 -0.12646000 H 2.84590100 0.68205200 0.18336000 | C60: -310.99117 | F60: =E60+C60 -> -310.99117 | G60: 0 | H60: =627.5095*G60 -> 0 | I60: =H60 -> 0
A61: MeOBH2 (via CyO reduction) | F61: =F40 -> -141.18083 | G61: =F61+F8+F6+F60-4*F4-(F32-G32)-F34+2*F4 -> -0.037758252 | H61: =627.5095*G61 -> -23.693662 | I61: =H61-H$32 -> -14.92494
A62: MeOH・MeOBH2 (via CyO reduction) | F62: =F44 -> -256.88747 | G62: =F62+F8+F6+F60-4*F4-(F32-G32)-F34+F4 -> -0.036156254 | H62: =627.5095*G62 -> -22.688393 | I62: =H62-H$32 -> -13.919671
A63: (MeO)2BH2- (via CyO reduction) | F63: =F45 -> -256.44197 | G63: =F63+F8+F60-3*F4-(F32-G32)-F34+F4 -> -0.041286908 | H63: =627.5095*G63 -> -25.907927 | I63: =H63-H$32 -> -17.139205
A64: Na((MeO)2BH2)(MeOH)4 (via CyO reduction) | F64: =F46 -> -881.52306 | G64: =F64+F60-(F32-G32)-F34-F4 -> -0.053210751 | H64: =627.5095*G64 -> -33.390252 | I64: =H64-H$32 -> -24.62153
A65: 08_MeOBH2 reduction
A66: [CyO・MeOBH2・MeOH]‡ | B66: 0 1 B 1.64516100 -0.09690000 -0.20413700 H 1.52204500 -0.36363000 0.95944700 H 1.33072100 -0.86791700 -1.06624500 O -0.51348300 0.94906500 -0.17761600 C -1.57428500 0.44958500 0.15871000 C -1.69754600 -0.99894800 0.53488500 C -2.83353100 1.26449100 0.23866700 C -2.89644900 -1.66588300 -0.15014300 H -1.84899700 -1.02050200 1.62070100 H -0.76488600 -1.51588000 0.31434100 C -4.01418500 0.56331000 -0.44286500 H -3.05523300 1.38035000 1.30635900 H -2.64889500 2.25471000 -0.17760700 C -4.17753100 -0.86716700 0.05628400 H -3.00597500 -2.68044200 0.23675800 H -2.69149100 -1.75256300 -1.22167500 H -4.92218300 1.14188900 -0.26437300 H -3.84788100 0.55381200 -1.52447200 H -5.00533000 -1.35120000 -0.46649200 H -4.43271300 -0.85531900 1.12140300 O 4.15032100 -1.67410700 0.13250100 H 4.05021000 -2.14343300 -0.69931900 C 5.16782100 -0.69764100 -0.02377300 H 5.21719800 -0.12764300 0.90402200 H 4.94817300 -0.01162900 -0.84667200 H 6.14328100 -1.16209100 -0.20089400 O 2.33407800 1.00291100 -0.59411100 C 2.75916200 1.96886800 0.35455400 H 2.84501200 1.53353900 1.35300800 H 3.73020000 2.35654400 0.04441500 H 2.04289200 2.79325800 0.38387800 | C66: -566.6789 | F66: =E66+C66 -> -566.6789 | G66: =F66-(F62-G62)-F34 -> -0.024022155 | H66: =627.5095*G66 -> -15.074131 | I66: =H66-H$46 -> 11.876053
A67: CyO・MeOBH2 | B67: 0 1 C 2.19380700 1.39533500 -0.31224800 C 0.87472700 1.13333200 0.42559300 C 1.37446300 -1.37147700 0.31559000 C 2.66923000 -1.06053700 -0.44144000 C 3.22257600 0.30367900 -0.05301800 H 1.03656600 1.23167200 1.50788600 H 0.10257500 1.84524100 0.14438400 H 1.98952200 1.45639500 -1.38470900 H 2.57152400 2.36988300 -0.00135400 H 1.60338900 -1.48320700 1.38370100 H 0.90009400 -2.29242000 -0.02030000 H 3.39146800 -1.85025500 -0.23195100 H 2.46893700 -1.08269500 -1.51628100 H 3.49755400 0.30017700 1.00680200 H 4.13113200 0.51169900 -0.62129600 C 0.39239300 -0.25906400 0.25131100 O -0.80497100 -0.54845600 0.10215600 B -2.02638600 0.43304600 0.06862900 H -1.85684400 1.19317300 -0.87925500 H -2.03522600 1.03204800 1.13947600 O -3.13566900 -0.47435100 -0.10549900 C -4.38398000 0.15938800 -0.20780400 H -4.42380700 0.84345200 -1.06688000 H -5.15695600 -0.60112100 -0.33927800 H -4.62217600 0.73924800 0.69475100 | C67: -450.97387 | F67: =E67+C67 -> -450.97387 | G67: =F67+F4-(F66-G66) -> -0.027241153 | H67: =627.5095*G67 -> -17.094082 | I67: =H67-H$46 -> 9.8561018
A68: [eq-CyO・MeOBH2]‡ | B68: 0 1 B 1.50069000 -0.55438200 -0.66763100 H 0.44120300 -0.24132400 -1.24099500 O 0.98032000 -0.90321300 0.86171100 H 1.88202200 -1.63014200 -1.06872600 C -0.16743700 -0.44353400 0.52771600 C -1.27674700 -1.39165100 0.22127400 C -0.51442200 0.98243800 0.79787300 C -2.36460200 -0.80008100 -0.67148100 H -1.69185000 -1.62838000 1.21092100 H -0.85824200 -2.31555900 -0.17790500 C -1.61043300 1.53045800 -0.11134200 H -0.87046100 0.95906600 1.83744400 H 0.39055100 1.58868600 0.78515200 C -2.79965900 0.58064800 -0.19442300 H -3.21288100 -1.48555900 -0.69658800 H -1.97987900 -0.72736500 -1.69298900 H -1.92166400 2.50812600 0.25936900 H -1.19401800 1.68341000 -1.11147800 H -3.55144000 0.98650700 -0.87414500 H -3.26964400 0.49642100 0.79109400 O 2.38941500 0.53720800 -0.65269900 C 3.63935000 0.32226300 -0.02956300 H 4.13545100 -0.56970200 -0.42940000 H 4.27321900 1.18999500 -0.21973200 H 3.52999300 0.20252300 1.05371500 | C68: -450.95304 | F68: =E68+C68 -> -450.95304 | G68: =F68-(F67-G67) -> -0.0064051526 | H68: =627.5095*G68 -> -4.0192941 | I68: =H68-H$46 -> 22.93089
A69: [ax-CyO・MeOBH2]‡ | B69: 0 1 B -1.78687600 -0.80870600 0.44224600 H -1.03351300 -0.84905800 1.43278500 O -0.71599100 -0.54963500 -0.78297600 H -2.20309700 -1.91824100 0.20029600 C 0.17468400 -0.33653000 0.11445900 C 0.47836800 1.05167900 0.57282700 C 1.23761600 -1.35213600 0.36303700 C 1.72871300 1.50470200 -0.21148000 H 0.70749700 1.04109900 1.63947800 H -0.36711500 1.70983700 0.38342300 C 2.48464400 -0.88789100 -0.41971600 H 1.47289200 -1.37712100 1.42820000 H 0.90290500 -2.33507100 0.03573000 C 2.88511400 0.52901300 -0.02406200 H 2.00058800 2.50435600 0.12967500 H 1.47605800 1.58146800 -1.27299200 H 3.29335400 -1.59320600 -0.22480100 H 2.26960900 -0.92800300 -1.49140700 H 3.20087000 0.53752700 1.02406100 H 3.74106100 0.85122500 -0.62056200 O -2.69156100 0.26445200 0.55561700 C -3.60520900 0.43195400 -0.50917100 H -4.14716800 -0.49750100 -0.71930700 H -4.32610300 1.20118500 -0.22719700 H -3.09662900 0.75175400 -1.42510200 | C69: -450.94846 | F69: =E69+C69 -> -450.94846 | G69: =F69-(F67-G67) -> -0.0018241526 | H69: =627.5095*G69 -> -1.1446731 | I69: =H69-H$46 -> 25.805511
A70: eq-CyOH・MeOBH | B70: 0 1 C -2.51487800 1.25882200 0.29949100 C -1.09649300 1.25700400 -0.26593300 C -1.09631600 -1.25693500 -0.26593100 C -2.51470300 -1.25895500 0.29949100 C -3.27656200 -0.00012000 -0.10532500 H -1.13311800 1.29488400 -1.36014600 H -0.54342000 2.13622200 0.07406100 H -2.46764700 1.31538100 1.39269900 H -3.04524800 2.15155400 -0.03936100 H -1.13293200 -1.29482400 -1.36014300 H -0.54311900 -2.13607300 0.07406900 H -3.04494200 -2.15176200 -0.03936600 H -2.46746200 -1.31550700 1.39270000 H -3.42109700 -0.00012900 -1.19151100 H -4.27101600 -0.00018700 0.34763400 C -0.34885000 0.00008800 0.14616000 O 0.94464200 0.00018800 -0.46623000 B 2.08037700 0.00001800 0.26974600 H 2.05950000 -0.00017100 1.46986400 H -0.22137900 0.00009800 1.23462900 O 3.25073200 0.00003100 -0.42004400 C 4.48533000 -0.00007500 0.28720500 H 4.57665400 -0.89076200 0.91243600 H 5.28821200 -0.00034000 -0.44918400 H 4.57696400 0.89079600 0.91213000 | C70: -451.03117 | F70: =E70+C70 -> -451.03117 | G70: =F70-(F67-G67) -> -0.084540153 | H70: =627.5095*G70 -> -53.049749 | I70: =H70-H$46 -> -26.099565
A71: (MeO)2BH | B71: 0 1 O 1.15169700 -0.44785000 0.00000000 B 0.00000000 0.26644800 -0.00000500 H 0.00000100 1.46629200 -0.00000400 C 2.41935100 0.19051200 0.00000200 H 2.32044100 1.27821900 0.00001500 H 2.97224700 -0.11888800 0.88835600 H 2.97224000 -0.11886800 -0.88836300 O -1.15169800 -0.44785100 -0.00000200 C -2.41934900 0.19051200 0.00000200 H -2.97225000 -0.11887900 -0.88835200 H -2.97224000 -0.11887200 0.88836500 H -2.32044200 1.27822000 -0.00000300 | C71: -255.75693 | F71: =E71+C71 -> -255.75693 | G71: =F71+F60-(F70-G70)-F4 -> -0.093222155 | H71: =627.5095*G71 -> -58.497788 | I71: =H71-H$46 -> -31.547604
A72: 09_(MeO)2BH2- methanolysis
A73: MeOH2・(MeO)2BH2 | B73: 0 1 B 0.64243900 -0.18277900 -0.40015900 H 0.42230100 -0.98242600 -1.31251800 O 0.04307500 1.09359200 -0.71869000 H -1.11541700 -0.53339600 0.73064500 H 0.09022700 -0.68300900 0.67853300 O -2.16832500 -0.46128100 0.78084500 C -2.78369600 -0.97976500 -0.43572200 H -2.40837800 -1.99164500 -0.55114300 H -3.85702600 -0.97859900 -0.27189500 H -2.50378700 -0.35326800 -1.27887300 C 0.09902700 2.08325800 0.27886200 H -0.56272100 2.90683200 -0.00117900 H -0.22977300 1.69156200 1.25243200 H 1.11058700 2.48620900 0.40529900 H -2.39941100 0.46914900 0.92831000 O 2.05295100 -0.05882400 -0.07057600 C 2.70669900 -1.25932600 0.24054400 H 2.65200500 -1.97965000 -0.58770500 H 3.76006700 -1.05121000 0.44363500 H 2.27534700 -1.73954100 1.13050700 | C73: -372.56758 | F73: =E73+C73 -> -372.56758 | G73: =F73-(F45-G45)-(F5-G5) -> 0.0022416442 | H73: =627.5095*G73 -> 1.406653 | I73: =H73-H$46 -> 28.356837
A74: [MeOH2・(MeO)2BH2]‡ | B74: 0 1 B 0.63006100 -0.15601400 -0.43747300 H 0.38856800 -0.95465100 -1.33530800 O 0.05095100 1.12299600 -0.71659800 H -0.98926300 -0.53851600 0.69957900 H 0.04815600 -0.68992000 0.67070500 O -2.13655100 -0.44812700 0.77458500 C -2.77593800 -0.97353700 -0.41448500 H -2.40159300 -1.98569300 -0.53876700 H -3.84896800 -0.98299100 -0.24035900 H -2.52221400 -0.35852600 -1.27565900 C 0.15844700 2.10588500 0.28647300 H -0.50007100 2.93960700 0.03245300 H -0.14342900 1.71105300 1.26656600 H 1.18019300 2.49018400 0.37770400 H -2.35589900 0.48616300 0.89908500 O 2.01295300 -0.08679600 -0.04442800 C 2.63790100 -1.31451300 0.22854500 H 2.59361700 -1.99261900 -0.63383200 H 3.68720800 -1.13189300 0.47016100 H 2.17210300 -1.82373400 1.08337100 | C74: -372.57078 | F74: =E74+C74 -> -372.57078 | G74: =F74-(F45-G45)-(F5-G5) -> -0.00096035579 | H74: =627.5095*G74 -> -0.60263238 | I74: =H74-H$46 -> 26.347551
A75: MeOH・(MeO)2BH | B75: 0 1 B -0.16070300 -0.24220400 0.70568100 O 1.36963100 -0.85363500 0.48670300 H 1.34249100 -1.81831100 0.51070300 C 2.17759900 -0.41093900 -0.62239700 H 3.11683400 -0.95910600 -0.59660000 H 1.65891000 -0.58485600 -1.56457200 H 2.36471800 0.64867000 -0.47380800 O -0.01023600 1.16968200 0.78038200 C -0.24267500 1.96722800 -0.36338000 H -1.30116100 1.97077100 -0.64289900 H 0.05129500 2.99080200 -0.12311500 H 0.33634700 1.63986700 -1.23209900 O -0.88665000 -0.76464400 -0.40891100 C -2.28453700 -0.84577800 -0.24957100 H -2.71250200 -1.28449800 -1.15304000 H -2.55333200 -1.47805100 0.60561700 H -2.73845200 0.14113600 -0.09976000 H -0.44592200 -0.72968300 1.78785900 | C75: -371.44473 | F75: =E75+C75 -> -371.44473 | G75: =F75+F29-(F74-G74) -> -0.052255356 | H75: =627.5095*G75 -> -32.790732 | I75: =H75-H$46 -> -5.8405483
A76: (MeO)3BH- | B76: -1 1 H -0.00000500 -1.02711900 1.44657600 B -0.00000100 -0.42529200 0.34712700 C 2.41383500 -0.57740700 0.10833000 H 2.62259400 0.49295000 0.23985500 H 2.50400800 -1.05496400 1.09495900 H 3.18904000 -0.99394600 -0.54122300 O 1.15883900 -0.80831000 -0.46938800 O -1.15884200 -0.80830000 -0.46939100 C -2.41383700 -0.57740500 0.10833100 H -3.18904500 -0.99392200 -0.54123300 H -2.50401400 -1.05498700 1.09494800 H -2.62259000 0.49295000 0.23988500 O 0.00000500 1.01008200 0.70515100 C 0.00000300 1.91696200 -0.36871800 H 0.00002700 2.93632100 0.02798900 H 0.88554700 1.80423500 -1.00802800 H -0.88556500 1.80426500 -1.00800000 | C76: -371.00416 | F76: =E76+C76 -> -371.00416 | G76: =F76+F4-F6-(F75-G75) -> -0.06232201 | H76: =627.5095*G76 -> -39.107653 | I76: =H76-H$46 -> -12.157469
A77: Na((MeO)3BH)(MeOH)4 | B77: 0 1 Na -0.78779400 -0.02455300 0.56041800 C 0.69722100 -2.02250700 -2.22366600 O 1.26327800 -1.30105900 -1.15856100 H 0.50557000 -3.04637800 -1.89497700 H 1.37735900 -2.05667500 -3.08405200 H -0.25104100 -1.58678900 -2.55836400 C -3.18457500 -2.05001100 0.65250700 O -2.20055300 -1.74039200 -0.32581100 H -2.65696400 -2.38118600 1.54700400 H -3.84046200 -2.85649600 0.31471500 H -3.79194400 -1.17453300 0.90143000 H -2.64393400 -1.48888300 -1.14017500 C 1.58109300 -1.86381900 2.26660600 O 0.52185500 -1.94751500 1.33060700 H 1.14970100 -1.90640800 3.26754500 H 2.13695700 -0.92685300 2.16963700 H 2.27920200 -2.69997100 2.15405300 H 0.89255600 -1.84436700 0.42613300 C 0.42173800 2.73310300 1.78835300 O 0.73579900 1.35241800 1.83726500 H -0.11763100 2.99587100 0.87322800 H 1.32345500 3.34989600 1.85379900 H -0.21704100 2.96279900 2.64220600 H 1.39186700 1.15039100 1.13226000 C -3.32004500 1.36887400 -0.76505100 O -2.58935700 1.45780600 0.45050000 H -4.13409100 0.64226400 -0.69002900 H -2.62561200 1.04276200 -1.53900700 H -3.73268000 2.34037100 -1.05009300 H -3.18579200 1.71793100 1.15610300 H 2.14695200 0.30233100 -2.44925400 B 1.52537000 0.13085800 -1.38478500 O 2.29686500 0.63849500 -0.23731800 C 3.61599600 0.17721900 -0.09365400 H 4.21593200 0.40809000 -0.98316200 H 4.07239700 0.67251700 0.76664100 H 3.65744500 -0.90567400 0.07211200 O 0.23321300 0.82691600 -1.39622400 C 0.23919100 2.16032600 -1.83488800 H -0.75820900 2.58627200 -1.70133900 H 0.95046400 2.77745500 -1.27316400 H 0.50192800 2.22860500 -2.89882200 | C77: -996.087 | F77: =E77+C77 -> -996.087 | G77: =F77+F4-(F76-G76)-F8 -> -0.075985852 | H77: =627.5095*G77 -> -47.681844 | I77: =H77-H$46 -> -20.73166
A78: 10_Na(MeO)2BH2 reduction
A79: Na((MeO)2BH2)(eq-CyO)(MeOH)4 | B79: 0 1 C 4.37408400 -1.16167600 0.37045800 C 3.37352300 -1.58870600 -0.70628100 C 2.25636700 0.70730200 -0.50936200 C 3.30426500 1.09817300 0.53612600 C 4.61248300 0.34270300 0.34052200 H 3.81704600 -1.41399300 -1.69471100 H 3.11950900 -2.64673200 -0.63930500 H 3.98765000 -1.44774700 1.35358500 H 5.30854000 -1.70598900 0.22334900 H 2.56768500 1.08548800 -1.49159800 H 1.28201500 1.13844000 -0.28162700 H 3.46718200 2.17643400 0.48792700 H 2.90758700 0.87935700 1.53158000 H 5.06147300 0.62281400 -0.61868800 H 5.32247900 0.62343300 1.12139200 C 2.11001500 -0.77819200 -0.68225600 H 0.70999500 0.04083900 2.24229100 B -0.51596000 0.24622300 2.15961400 Na -1.10978200 -0.23230900 -0.72063800 H -0.96512100 0.47540300 3.30183000 C -0.22426800 2.61377400 1.63377700 H -0.54999800 2.91167500 2.63929000 H 0.87267600 2.56769800 1.63592000 H -0.53600400 3.38915100 0.93057200 O 1.01932000 -1.29838700 -0.84945200 O -0.55303100 1.30070200 -2.42912400 H 0.27264200 1.09810400 -2.87647100 C -0.55035900 2.67740500 -2.07363900 H -1.48137100 2.87725500 -1.54504900 H 0.29069400 2.91983200 -1.41852900 H -0.50602000 3.31293100 -2.96232800 O -2.11493900 -2.28926400 -1.39111700 C -3.42103000 -2.38110000 -0.83491700 H -3.40971100 -2.19835700 0.24311100 H -4.03135000 -1.61848500 -1.31720800 H -3.86506800 -3.36125300 -1.02818900 H -1.56894000 -2.97842300 -1.00255800 O -3.10526200 1.24397600 -0.08695000 C -4.19353900 0.79597900 0.70075000 H -4.58834100 1.60162400 1.32892800 H -4.98554600 0.46413900 0.02866300 H -3.90666900 -0.04077200 1.34506000 O -0.78919100 1.38983800 1.25286800 H -2.36020500 1.45413600 0.51596100 O -1.19920100 -0.88970000 1.52263600 C -0.84823300 -2.15925900 1.98843600 H -1.41102500 -2.91532000 1.43343100 H 0.22369700 -2.36103800 1.85376100 H -1.07950900 -2.28209800 3.05599100 | C79: -1075.6142 | F79: =E79+C79 -> -1075.6142 | G79: =F79+F4-F34-(F46-G64) -> -0.049033649 | H79: =627.5095*G79 -> -30.769081 | I79: =H79-H$64 -> 2.6211709
A80: [Na((MeO)2BH2)(eq-CyO)(MeOH)4]‡ | B80: 0 1 C 3.62446400 -1.70037500 0.29641400 C 2.55527600 -1.69243700 -0.78876600 C 2.52957200 0.86426800 -0.70657000 C 3.61203900 0.81486900 0.36640100 C 4.47662300 -0.43597300 0.24383700 H 3.03757100 -1.75576200 -1.77318300 H 1.88393400 -2.54760500 -0.71046800 H 3.14561200 -1.77536700 1.27756900 H 4.25115800 -2.58736900 0.18008900 H 2.99323000 1.01890500 -1.68931100 H 1.83689200 1.69265200 -0.54882300 H 4.22848600 1.71408600 0.29871200 H 3.14299700 0.82634800 1.35434000 H 5.02661000 -0.40897800 -0.70354200 H 5.22103900 -0.45287900 1.04330000 C 1.73523800 -0.41833400 -0.85184500 H 1.28463900 -0.46033600 0.67493700 B 0.31255900 -0.24972800 1.53164000 Na -1.58042200 -0.11821700 -0.87598900 H 0.80175100 -0.53270400 2.62427300 C 0.55873700 2.13861200 2.09740200 H 0.77509200 1.84385500 3.13028900 H 1.50324200 2.39483200 1.60795500 H -0.06841700 3.03272800 2.11714100 O 0.69139800 -0.41154600 -1.55798300 O -0.76108200 1.74623200 -2.27852500 H 0.00905000 1.16412800 -2.12024100 C -0.53604600 3.00027800 -1.65767200 H -1.44589100 3.59183600 -1.76269700 H -0.31383000 2.89112600 -0.59203500 H 0.28769900 3.53947200 -2.13630200 O -2.94755700 -1.96295300 -1.35901000 C -4.03645300 -1.99022100 -0.44202800 H -3.68604900 -1.98935900 0.59402700 H -4.62899400 -1.09317300 -0.61794400 H -4.66806800 -2.86659800 -0.60673900 H -2.44669300 -2.77770900 -1.26299300 O -2.66321300 1.49716000 0.57838200 C -3.61236800 1.06050300 1.53596700 H -3.70572700 1.77831400 2.35734000 H -4.57921400 0.97561200 1.03954800 H -3.34327700 0.08481900 1.95232500 O -0.13108500 1.12299200 1.41084200 H -1.77886800 1.48518500 1.00142200 O -0.79736900 -1.08047000 1.12674100 C -0.62508800 -2.46939300 1.24751200 H -1.55100900 -2.96778800 0.95283600 H 0.18302200 -2.83814300 0.60666900 H -0.39484200 -2.75320000 2.28168700 | C80: -1075.5939 | F80: =E80+C80 -> -1075.5939 | G80: =F80+F4-F34-(F46-G64) -> -0.028736649 | H80: =627.5095*G80 -> -18.03252 | I80: =H80-H$64 -> 15.357731 | J80: NBO charge (H:-0.218, C:0.370)
A81: [Na((MeO)2BH2)(ax-CyO)(MeOH)4]‡ | B81: 0 1 C 3.72090000 0.78660700 -0.67977800 C 2.48778800 0.86243200 0.23114700 C 2.63076100 -1.62423200 0.65325700 C 3.87682900 -1.69904600 -0.24382600 C 4.62921400 -0.37033900 -0.26865000 H 2.80765000 1.05488900 1.25678900 H 1.81197100 1.66015400 -0.07728300 H 3.39671800 0.65229200 -1.71683100 H 4.26324600 1.73339900 -0.63437400 H 2.93352100 -1.44648600 1.68713000 H 2.06246000 -2.55335200 0.60907600 H 4.52860900 -2.49978800 0.11208300 H 3.56886700 -1.96476200 -1.26009800 H 5.03345500 -0.16860800 0.72951300 H 5.48148700 -0.43772200 -0.94897800 C 1.77954800 -0.47457000 0.15179900 H 0.92380500 -0.30047300 1.49238600 B -0.25479900 0.03167700 1.95470100 Na -1.37859900 -0.25407100 -0.91249300 H -0.14165300 -0.07585000 3.17703100 C -0.00474600 2.44697900 2.20959700 H -0.40468400 2.49976000 3.22901200 H 1.08524900 2.36646400 2.27350000 H -0.25125200 3.37586600 1.69120600 O 0.97156700 -0.68428300 -0.79096700 O -0.07470400 1.20847200 -2.42957600 H 0.57543200 0.69038500 -1.91532600 C -0.01029000 2.56649200 -2.02631800 H -0.80411200 3.10483500 -2.54451300 H -0.16244600 2.67709700 -0.94808900 H 0.95044500 3.01691300 -2.29513300 O -2.61415500 -2.15505200 -1.49429500 C -3.91391100 -2.09163900 -0.91687600 H -3.86352800 -1.96898800 0.16875200 H -4.41727900 -1.22748200 -1.34888300 H -4.49249800 -2.98875400 -1.15037300 H -2.17528600 -2.94770200 -1.17362800 O -2.69731300 1.60598000 -0.12535300 C -3.91346200 1.30760900 0.53937800 H -4.21627700 2.12723800 1.19872600 H -4.68601000 1.16899400 -0.21719000 H -3.83302500 0.39153200 1.13287400 O -0.56657900 1.37083800 1.49868500 H -1.98865400 1.67007900 0.54973900 O -1.22299100 -0.85791200 1.35797100 C -1.07815200 -2.22333700 1.65756600 H -1.91493300 -2.77269500 1.22113000 H -0.14605000 -2.63034700 1.24947200 H -1.08012800 -2.39658600 2.74070300 | C81: -1075.5907 | F81: =E81+C81 -> -1075.5907 | G81: =F81+F4-F34-(F46-G64) -> -0.025572649 | H81: =627.5095*G81 -> -16.04708 | I81: =H81-H$64 -> 17.343171
A82: [Na((MeO)2BH2)(Ph2CO)(MeOH)4]‡ | B82: 0 1 C -1.21813100 0.17090800 -0.45346200 H -0.54269700 0.12085200 1.07320000 B 0.54864400 -0.00199100 1.75764200 Na 2.16296900 0.18701500 -0.81909500 H 0.19151000 0.15407700 2.92944200 C 0.48749900 -2.44461500 1.99215600 H 0.22339600 -2.31174100 3.04788700 H -0.42566700 -2.68183300 1.43688800 H 1.16971600 -3.29362100 1.91197200 O -0.27318200 0.16638500 -1.26731200 O 1.55209800 -1.63271500 -2.27308600 H 0.67933300 -1.25205800 -2.07985900 C 1.60116400 -2.94787300 -1.74047200 H 2.63032800 -3.29784800 -1.81777400 H 1.30147200 -2.96636500 -0.68916200 H 0.95619500 -3.62800800 -2.30507300 O 3.16281200 2.23091400 -1.38844000 C 4.36055300 2.41351900 -0.64069200 H 4.17375900 2.35176400 0.43506500 H 5.04525400 1.61647900 -0.92837100 H 4.82513000 3.37571000 -0.86973900 H 2.56856000 2.96195600 -1.19857000 O 3.61865300 -1.29346700 0.44916100 C 4.57462300 -0.71183000 1.31910600 H 4.85585400 -1.40370800 2.11954300 H 5.46489300 -0.47896700 0.73456700 H 4.19811100 0.21132000 1.77041500 O 1.12875700 -1.30199300 1.47935700 H 2.78800100 -1.42770500 0.95150500 O 1.50408800 0.97520800 1.28402600 C 1.17229500 2.33371000 1.42543700 H 2.08327000 2.93061500 1.33942300 H 0.46908700 2.66146300 0.65283300 H 0.72159600 2.53720000 2.40424900 C -1.94877800 1.47936100 -0.23379700 C -2.27698400 2.19498600 -1.38265800 C -2.31841900 1.98774100 1.00687000 C -2.96991300 3.39319900 -1.29300000 H -1.98910600 1.80839500 -2.35268100 C -3.00709500 3.18714200 1.09596500 H -2.03530600 1.46716600 1.91186500 C -3.33807200 3.89260500 -0.05278600 H -3.21927200 3.93765900 -2.19571200 H -3.27643900 3.57745600 2.06989500 H -3.87427200 4.83094200 0.01998400 C -2.00135000 -1.10358600 -0.23664000 C -2.84587800 -1.29014000 0.85564000 C -1.87703900 -2.12451600 -1.17151200 C -3.52136700 -2.48566000 1.02500700 H -2.95661300 -0.51227900 1.59856200 C -2.55615400 -3.32315800 -1.00489900 H -1.26070400 -1.97968200 -2.04804900 C -3.37350000 -3.51060800 0.09813500 H -4.16190700 -2.62195100 1.88771400 H -2.44603600 -4.10876300 -1.74247300 H -3.89984500 -4.44747700 0.23424300 0 1 C -1.21813100 0.17090800 -0.45346200 H -0.54269700 0.12085200 1.07320000 B 0.54864400 -0.00199100 1.75764200 Na 2.16296900 0.18701500 -0.81909500 H 0.19151000 0.15407700 2.92944200 C 0.48749900 -2.44461500 1.99215600 H 0.22339600 -2.31174100 3.04788700 H -0.42566700 -2.68183300 1.43688800 H 1.16971600 -3.29362100 1.91197200 O -0.27318200 0.16638500 -1.26731200 O 1.55209800 -1.63271500 -2.27308600 H 0.67933300 -1.25205800 -2.07985900 C 1.60116400 -2.94787300 -1.74047200 H 2.63032800 -3.29784800 -1.81777400 H 1.30147200 -2.96636500 -0.68916200 H 0.95619500 -3.62800800 -2.30507300 O 3.16281200 2.23091400 -1.38844000 C 4.36055300 2.41351900 -0.64069200 H 4.17375900 2.35176400 0.43506500 H 5.04525400 1.61647900 -0.92837100 H 4.82513000 3.37571000 -0.86973900 H 2.56856000 2.96195600 -1.19857000 O 3.61865300 -1.29346700 0.44916100 C 4.57462300 -0.71183000 1.31910600 H 4.85585400 -1.40370800 2.11954300 H 5.46489300 -0.47896700 0.73456700 H 4.19811100 0.21132000 1.77041500 O 1.12875700 -1.30199300 1.47935700 H 2.78800100 -1.42770500 0.95150500 O 1.50408800 0.97520800 1.28402600 C 1.17229500 2.33371000 1.42543700 H 2.08327000 2.93061500 1.33942300 H 0.46908700 2.66146300 0.65283300 H 0.72159600 2.53720000 2.40424900 C -1.94877800 1.47936100 -0.23379700 C -2.27698400 2.19498600 -1.38265800 C -2.31841900 1.98774100 1.00687000 C -2.96991300 3.39319900 -1.29300000 H -1.98910600 1.80839500 -2.35268100 C -3.00709500 3.18714200 1.09596500 H -2.03530600 1.46716600 1.91186500 C -3.33807200 3.89260500 -0.05278600 H -3.21927200 3.93765900 -2.19571200 H -3.27643900 3.57745600 2.06989500 H -3.87427200 4.83094200 0.01998400 C -2.00135000 -1.10358600 -0.23664000 C -2.84587800 -1.29014000 0.85564000 C -1.87703900 -2.12451600 -1.17151200 C -3.52136700 -2.48566000 1.02500700 H -2.95661300 -0.51227900 1.59856200 C -2.55615400 -3.32315800 -1.00489900 H -1.26070400 -1.97968200 -2.04804900 C -3.37350000 -3.51060800 0.09813500 H -4.16190700 -2.62195100 1.88771400 H -2.44603600 -4.10876300 -1.74247300 H -3.89984500 -4.44747700 0.23424300 0 1 C -1.21813100 0.17090800 -0.45346200 H -0.54269700 0.12085200 1.07320000 B 0.54864400 -0.00199100 1.75764200 Na 2.16296900 0.18701500 -0.81909500 H 0.19151000 0.15407700 2.92944200 C 0.48749900 -2.44461500 1.99215600 H 0.22339600 -2.31174100 3.04788700 H -0.42566700 -2.68183300 1.43688800 H 1.16971600 -3.29362100 1.91197200 O -0.27318200 0.16638500 -1.26731200 O 1.55209800 -1.63271500 -2.27308600 H 0.67933300 -1.25205800 -2.07985900 C 1.60116400 -2.94787300 -1.74047200 H 2.63032800 -3.29784800 -1.81777400 H 1.30147200 -2.96636500 -0.68916200 H 0.95619500 -3.62800800 -2.30507300 O 3.16281200 2.23091400 -1.38844000 C 4.36055300 2.41351900 -0.64069200 H 4.17375900 2.35176400 0.43506500 H 5.04525400 1.61647900 -0.92837100 H 4.82513000 3.37571000 -0.86973900 H 2.56856000 2.96195600 -1.19857000 O 3.61865300 -1.29346700 0.44916100 C 4.57462300 -0.71183000 1.31910600 H 4.85585400 -1.40370800 2.11954300 H 5.46489300 -0.47896700 0.73456700 H 4.19811100 0.21132000 1.77041500 O 1.12875700 -1.30199300 1.47935700 H 2.78800100 -1.42770500 0.95150500 O 1.50408800 0.97520800 1.28402600 C 1.17229500 2.33371000 1.42543700 H 2.08327000 2.93061500 1.33942300 H 0.46908700 2.66146300 0.65283300 H 0.72159600 2.53720000 2.40424900 C -1.94877800 1.47936100 -0.23379700 C -2.27698400 2.19498600 -1.38265800 C -2.31841900 1.98774100 1.00687000 C -2.96991300 3.39319900 -1.29300000 H -1.98910600 1.80839500 -2.35268100 C -3.00709500 3.18714200 1.09596500 H -2.03530600 1.46716600 1.91186500 C -3.33807200 3.89260500 -0.05278600 H -3.21927200 3.93765900 -2.19571200 H -3.27643900 3.57745600 2.06989500 H -3.87427200 4.83094200 0.01998400 C -2.00135000 -1.10358600 -0.23664000 C -2.84587800 -1.29014000 0.85564000 C -1.87703900 -2.12451600 -1.17151200 C -3.52136700 -2.48566000 1.02500700 H -2.95661300 -0.51227900 1.59856200 C -2.55615400 -3.32315800 -1.00489900 H -1.26070400 -1.97968200 -2.04804900 C -3.37350000 -3.51060800 0.09813500 H -4.16190700 -2.62195100 1.88771400 H -2.44603600 -4.10876300 -1.74247300 H -3.89984500 -4.44747700 0.23424300 0 1 C -1.21813100 0.17090800 -0.45346200 H -0.54269700 0.12085200 1.07320000 B 0.54864400 -0.00199100 1.75764200 Na 2.16296900 0.18701500 -0.81909500 H 0.19151000 0.15407700 2.92944200 C 0.48749900 -2.44461500 1.99215600 H 0.22339600 -2.31174100 3.04788700 H -0.42566700 -2.68183300 1.43688800 H 1.16971600 -3.29362100 1.91197200 O -0.27318200 0.16638500 -1.26731200 O 1.55209800 -1.63271500 -2.27308600 H 0.67933300 -1.25205800 -2.07985900 C 1.60116400 -2.94787300 -1.74047200 H 2.63032800 -3.29784800 -1.81777400 H 1.30147200 -2.96636500 -0.68916200 H 0.95619500 -3.62800800 -2.30507300 O 3.16281200 2.23091400 -1.38844000 C 4.36055300 2.41351900 -0.64069200 H 4.17375900 2.35176400 0.43506500 H 5.04525400 1.61647900 -0.92837100 H 4.82513000 3.37571000 -0.86973900 H 2.56856000 2.96195600 -1.19857000 O 3.61865300 -1.29346700 0.44916100 C 4.57462300 -0.71183000 1.31910600 H 4.85585400 -1.40370800 2.11954300 H 5.46489300 -0.47896700 0.73456700 H 4.19811100 0.21132000 1.77041500 O 1.12875700 -1.30199300 1.47935700 H 2.78800100 -1.42770500 0.95150500 O 1.50408800 0.97520800 1.28402600 C 1.17229500 2.33371000 1.42543700 H 2.08327000 2.93061500 1.33942300 H 0.46908700 2.66146300 0.65283300 H 0.72159600 2.53720000 2.40424900 C -1.94877800 1.47936100 -0.23379700 C -2.27698400 2.19498600 -1.38265800 C -2.31841900 1.98774100 1.00687000 C -2.96991300 3.39319900 -1.29300000 H -1.98910600 1.80839500 -2.35268100 C -3.00709500 3.18714200 1.09596500 H -2.03530600 1.46716600 1.91186500 C -3.33807200 3.89260500 -0.05278600 H -3.21927200 3.93765900 -2.19571200 H -3.27643900 3.57745600 2.06989500 H -3.87427200 4.83094200 0.01998400 C -2.00135000 -1.10358600 -0.23664000 C -2.84587800 -1.29014000 0.85564000 C -1.87703900 -2.12451600 -1.17151200 C -3.52136700 -2.48566000 1.02500700 H -2.95661300 -0.51227900 1.59856200 C -2.55615400 -3.32315800 -1.00489900 H -1.26070400 -1.97968200 -2.04804900 C -3.37350000 -3.51060800 0.09813500 H -4.16190700 -2.62195100 1.88771400 H -2.44603600 -4.10876300 -1.74247300 H -3.89984500 -4.44747700 0.23424300 | C82: -1342.2855 | F82: =E82+C82 -> -1342.2855 | G82: =F82+F4-F51-(F46-G64) -> -0.028372649 | H82: =627.5095*G82 -> -17.804107 | I82: =H82-H$64 -> 15.586145
A83: [Na((MeO)2BH)(PhMeCO)(MeOH)3]‡ | B83: 0 1 C 1.34446200 -0.88058600 0.64586900 H 0.81410500 -0.82239600 -0.86441300 B -0.18316400 -0.53630200 -1.66162300 Na -1.65036200 0.59520300 0.79261300 H 0.30465100 -0.64113400 -2.78813900 C -1.14844900 -2.76086000 -1.90419700 H -1.19833100 -2.74901900 -2.99920200 H -0.20837100 -3.23880400 -1.60966400 H -1.97584400 -3.36380000 -1.52504300 O 0.54134500 -0.23182700 1.35998000 O -1.75113000 -1.17506800 2.48595900 H -0.80782300 -1.12998200 2.24061100 C -2.28861100 -2.41109100 2.04404000 H -3.35926600 -2.39895800 2.24841300 H -2.14102600 -2.55542500 0.96940800 H -1.83959300 -3.25392000 2.57855100 O -1.79419900 2.91527900 1.09940900 C -2.76068400 3.45988700 0.20702600 H -2.53665700 3.19995100 -0.83148500 H -3.72667800 3.03609200 0.47908900 H -2.81484500 4.54720900 0.30112800 H -0.94494800 3.32676900 0.91741200 O -3.52033400 -0.36943100 -0.40041600 C -4.17868400 0.43559800 -1.36393900 H -4.70767300 -0.17898600 -2.09930200 H -4.90799200 1.05638200 -0.84328300 H -3.47482600 1.08616000 -1.89228500 O -1.25879600 -1.46043900 -1.37776800 H -2.81543000 -0.87376600 -0.85773200 O -0.65167200 0.78494400 -1.32351600 C 0.25661800 1.84087100 -1.52479500 H -0.26035400 2.78794400 -1.35636100 H 1.10603800 1.78126300 -0.83615400 H 0.64724500 1.83916000 -2.54955600 C 1.30502400 -2.38931400 0.72108600 H 1.76719200 -2.67580000 1.67141200 H 0.27097600 -2.73208600 0.72118200 H 1.85044000 -2.87341300 -0.08613700 C 2.67416800 -0.24761500 0.30680100 C 3.11538500 0.83096000 1.06476700 C 3.47744600 -0.72330800 -0.72637500 C 4.34035200 1.42566400 0.79652400 H 2.49473900 1.20407300 1.86944400 C 4.69725100 -0.12722100 -0.99872400 H 3.13616900 -1.54705800 -1.34178900 C 5.13343400 0.94969900 -0.23646500 H 4.67421100 2.26349500 1.39675400 H 5.30816300 -0.49948600 -1.81213900 H 6.08754900 1.41605300 -0.45025200 | C83: -1150.599 | F83: =E83+C83 -> -1150.599 | G83: =F83+F4-F53-(F64-G64) -> -0.027361649 | H83: =627.5095*G83 -> -17.169695 | I83: =H83-H$64 -> 16.220557
A84: [Na((MeO)2BH)(4-NO2PhMeCO)(MeOH)3]‡ | B84: 0 1 C 0.38778300 -1.12277700 0.74840200 H -0.04067100 -0.97995900 -0.83222200 B -0.96804000 -0.55755500 -1.64624500 Na -2.41908000 0.71315000 0.75408000 H -0.46984600 -0.70372900 -2.76417100 C -2.19457000 -2.63995700 -1.95378100 H -2.21560200 -2.60908500 -3.04937100 H -1.32525600 -3.23001100 -1.64498900 H -3.09677200 -3.14461100 -1.60268400 O -0.33648100 -0.35258800 1.41274200 O -2.81027800 -1.01329100 2.43201800 H -1.85770800 -1.10683300 2.25666600 C -3.48720700 -2.16776700 1.95955500 H -4.55482100 -2.00779700 2.10938800 H -3.30612500 -2.33470200 0.89336900 H -3.18477600 -3.06075300 2.51469300 O -2.27411200 3.03335200 1.08047100 C -3.09861000 3.70130500 0.13074200 H -2.85657100 3.39804000 -0.89187400 H -4.12986700 3.42586400 0.34836600 H -2.99869600 4.78600100 0.21670900 H -1.36593400 3.32184500 0.95389700 O -4.32440900 0.00421900 -0.54184800 C -4.82396000 0.89368800 -1.52657100 H -5.38677900 0.35666000 -2.29667100 H -5.49535200 1.59827200 -1.03555400 H -4.01647500 1.45334900 -2.00877200 O -2.16184500 -1.34212500 -1.41069300 H -3.66372800 -0.57996100 -0.96939400 O -1.27554700 0.80800300 -1.29640800 C -0.23074600 1.73783400 -1.44406800 H -0.62022400 2.74102100 -1.25912900 H 0.58406400 1.54711300 -0.73709900 H 0.18500900 1.71131300 -2.45858900 C 0.11330800 -2.60520000 0.80266100 H 0.46293000 -2.96007700 1.77753600 H -0.95938500 -2.78178300 0.73338500 H 0.62747900 -3.16758100 0.02684600 C 1.81131000 -0.69595900 0.46165900 C 2.36850900 0.31267900 1.23946800 C 2.57657700 -1.29743200 -0.53437400 C 3.67341100 0.72227000 1.03376800 H 1.77529300 0.78006600 2.01355200 C 3.87866700 -0.89893100 -0.75722900 H 2.14617900 -2.06589000 -1.16294200 C 4.40753200 0.10778500 0.03550200 H 4.11113100 1.50328700 1.63826200 H 4.47229500 -1.35620500 -1.53519000 N 5.78605900 0.53566000 -0.19292200 O 6.42282400 -0.01240500 -1.07146600 O 6.23933000 1.42163800 0.50497900 | C84: -1355.1249 | F84: =E84+C84 -> -1355.1249 | G84: =F84+F4-F55-(F64-G64) -> -0.030922649 | H84: =627.5095*G84 -> -19.404256 | I84: =H84-H$64 -> 13.985995
A85: [Na((MeO)2BH)(4-MeOPhMeCO)(MeOH)3]‡ | B85: 0 1 C 0.56980100 -1.18083900 0.66045100 H 0.06888400 -1.04772500 -0.82973400 B -0.85204200 -0.60601000 -1.65548700 Na -2.13514200 0.75852900 0.78015600 H -0.36095800 -0.80527100 -2.76687600 C -2.17190300 -2.63862000 -1.90760800 H -2.21203500 -2.62455600 -3.00292100 H -1.32474700 -3.26225100 -1.60401100 H -3.08939800 -3.09543800 -1.53168900 O -0.12485700 -0.41023300 1.37445800 O -2.53102900 -0.97119000 2.49237600 H -1.59140400 -1.06603000 2.24231600 C -3.25016200 -2.10553900 2.03728900 H -4.30765000 -1.92991500 2.23563800 H -3.11979700 -2.26338900 0.96226200 H -2.94103300 -3.01207600 2.56698100 O -1.84324500 3.06550100 1.09108200 C -2.69114000 3.79420000 0.20944800 H -2.52517400 3.50722500 -0.83287200 H -3.71925000 3.55988100 0.48304500 H -2.53601900 4.87077900 0.31424300 H -0.93105000 3.30923100 0.91053300 O -4.12545300 0.12078800 -0.42167900 C -4.62084300 1.04031400 -1.38069500 H -5.23407900 0.53572100 -2.13397900 H -5.24253900 1.76837700 -0.85939600 H -3.80762100 1.56926600 -1.88743100 O -2.07106900 -1.33452000 -1.38773300 H -3.51634500 -0.49602700 -0.87830400 O -1.09647100 0.77679000 -1.33599500 C -0.03010400 1.66976300 -1.54973800 H -0.38942500 2.68971100 -1.39838800 H 0.79743500 1.48575900 -0.85663600 H 0.35677800 1.58884500 -2.57264600 C 0.28375700 -2.66364500 0.74273800 H 0.67449400 -3.01560000 1.70296100 H -0.79224400 -2.83357900 0.72304300 H 0.75695800 -3.23639700 -0.05203500 C 1.98417300 -0.77329200 0.34140400 C 2.57603800 0.24894300 1.06665100 C 2.73300700 -1.39507500 -0.65867300 C 3.88232500 0.65311400 0.82037000 H 2.00888200 0.74348000 1.84507200 C 4.02752400 -1.00367600 -0.92183000 H 2.28963900 -2.17905900 -1.26076600 C 4.61349500 0.02477500 -0.18066700 H 4.31096900 1.44981900 1.41185000 H 4.60359700 -1.47989000 -1.70577400 O 5.88843900 0.33892300 -0.50822400 C 6.52952400 1.38332100 0.20553200 H 6.60492300 1.14671400 1.27008700 H 7.52886900 1.46538500 -0.21680800 H 6.00264000 2.33231700 0.07564200 | C85: -1265.1058 | F85: =E85+C85 -> -1265.1058 | G85: =F85+F4-F57-(F64-G64) -> -0.025219649 | H85: =627.5095*G85 -> -15.82557 | I85: =H85-H$64 -> 17.564682
A86: Na((MeO)2BH)(eq-CyO)(MeOH)4 | B86: 0 1 C 4.11588900 -1.56901500 0.29950600 C 2.94573500 -1.72132100 -0.66987800 C 2.37830800 0.69740300 -0.38656700 C 3.54008200 0.86549500 0.58854600 C 4.65260800 -0.14004400 0.30469400 H 3.29202000 -1.55619400 -1.69834100 H 2.54359200 -2.73868800 -0.62695600 H 3.78129500 -1.82839600 1.31096700 H 4.91385700 -2.27211400 0.04524000 H 2.71095900 0.93316800 -1.40573600 H 1.57586100 1.39910200 -0.14520500 H 3.92954400 1.88632100 0.54226500 H 3.17427400 0.71597700 1.61157000 H 5.09370500 0.08105700 -0.67423800 H 5.45338400 -0.03872900 1.04240000 C 1.81457900 -0.72739900 -0.38421700 H 1.49484400 -0.92775300 0.66030400 B -0.30983800 0.50718600 1.96434700 Na -1.46371900 -0.44516600 -0.89915200 H 0.57890700 0.37977400 2.75395100 C 0.10484700 2.89193900 1.73535100 H 0.98112700 2.66243300 2.34360400 H 0.42388000 3.35715200 0.80220800 H -0.54384600 3.58123200 2.27706500 O 0.74859300 -0.88123600 -1.25545200 O -0.27432000 0.87397400 -2.77156500 H 0.30544700 0.25979600 -2.20264700 C -0.13480300 2.20611400 -2.32973600 H -0.89726400 2.81743900 -2.81745000 H -0.27042400 2.29900800 -1.24572000 H 0.84822400 2.62043600 -2.58388600 O -2.74687900 -2.40432200 -0.75420200 C -3.93594500 -2.31633000 0.02219500 H -3.72008500 -2.01812800 1.05198600 H -4.57023400 -1.56197700 -0.44085000 H -4.47148000 -3.26893900 0.02985400 H -2.21369400 -3.13021400 -0.41884400 O -2.77733900 1.49220400 -0.35713000 C -3.97748700 1.30680100 0.37889500 H -4.33661200 2.25395900 0.79196800 H -4.73001800 0.91858600 -0.30659300 H -3.84042200 0.59300100 1.19661000 O -0.62800100 1.71339700 1.42674300 H -2.09653300 1.80835100 0.25831700 O -1.07109000 -0.53824800 1.54908500 C -0.77746700 -1.87031400 1.95203300 H -1.70342600 -2.34739900 2.27260000 H -0.36175100 -2.41851800 1.10473000 H -0.06081900 -1.88495200 2.77500400 | C86: -1075.6222 | F86: =E86+C86 -> -1075.6222 | G86: =F86+F4-F34-(F46-G64) -> -0.056992649 | H86: =627.5095*G86 -> -35.763429 | I86: =H86-H$64 -> -2.3731772
A87: (MeO)2BH (via CyO reduction) | F87: =F71 -> -255.75693 | G87: =F87+F8+F6+F60-4*F4-(F64-G64)-F34+2*F4 -> -0.093222155 | H87: =627.5095*G87 -> -58.497788 | I87: =H87-H$64 -> -25.107536
A88: MeOH・(MeO)2BH (via CyO reduction) | F88: =F75 -> -371.44473 | G88: =F88+F8+F6+F60-4*F4-(F64-G64)-F34+F4 -> -0.072781158 | H88: =627.5095*G88 -> -45.670868 | I88: =H88-H$64 -> -12.280616
A89: (MeO)3BH- (via CyO reduction) | F89: =F76 -> -371.00416 | G89: =F89+F8+F60-3*F4-(F64-G64)-F34+F4 -> -0.082847812 | H89: =627.5095*G89 -> -51.987789 | I89: =H89-H$64 -> -18.597537
A90: Na((MeO)3BH)(MeOH)4 (via CyO reduction) | F90: =F77 -> -996.087 | G90: =F90+F60-(F64-G64)-F34-F4 -> -0.096511654 | H90: =627.5095*G90 -> -60.56198 | I90: =H90-H$64 -> -27.171728
A91: 11_(MeO)2BH reduction
A92: [CyO・(MeO)2BH・MeOH]‡ | B92: no ts
A93: CyO・(MeO)2BH | B93: 0 1 C 2.12125600 1.36902700 0.12260300 C 1.18556600 0.59942500 1.07707300 C 1.98070100 -1.58513400 0.09596600 C 2.92195100 -0.81072000 -0.85041700 C 3.33548200 0.52945700 -0.25518900 H 1.73431600 0.37067900 1.99596800 H 0.30198400 1.17536100 1.33022400 H 1.55959000 1.64425800 -0.77440700 H 2.42275700 2.29377800 0.61520500 H 2.52034000 -1.82561800 1.01657600 H 1.61461400 -2.50347800 -0.35898600 H 3.79270800 -1.43477800 -1.05337000 H 2.40805600 -0.64995300 -1.80227600 H 3.94927400 0.35915400 0.63491600 H 3.95171500 1.07522600 -0.97245200 C 0.84337800 -0.70185100 0.45264700 O -0.30511500 -1.05563400 0.14661700 B -1.64273500 -0.18818800 0.27746700 H -1.75257800 0.17477900 1.44167600 O -2.60824600 -1.17993700 -0.11575400 C -3.94485100 -0.74114000 -0.07358000 H -4.14163900 0.04003500 -0.81797400 H -4.59892900 -1.58864100 -0.28915100 H -4.20908800 -0.34369300 0.91568000 O -1.48872800 0.90049500 -0.64821200 C -1.83408400 2.19869000 -0.22850300 H -1.60064300 2.89686100 -1.03526800 H -2.90326800 2.28308100 -0.00155100 H -1.27521800 2.50797500 0.66303900 | C93: -565.5335 | F93: =E93+C93 -> -565.5335 | G93: =F93+F4-F34-(F75-G70) -> -0.077990051 | H93: =627.5095*G93 -> -48.939498
A94: [eq-CyO・(MeO)2BH]‡ | B94: 0 1 B -1.22011100 0.04454200 -0.08139400 H -0.23832300 0.31053400 -0.83265700 O -0.49552600 -0.43946400 1.26164600 C 0.65696000 -0.26729600 0.71277900 C 1.41968000 0.98177400 0.97599900 C 1.37936200 -1.42975300 0.13205200 C 2.43653300 1.32205900 -0.11034500 H 1.93997300 0.75786200 1.91886400 H 0.72502900 1.79565700 1.18067500 C 2.39698400 -1.04881200 -0.93982400 H 1.89561900 -1.85717600 1.00426700 H 0.65905500 -2.17296500 -0.20782300 C 3.27886100 0.11146200 -0.49411500 H 3.06858500 2.13816600 0.24200500 H 1.89906600 1.68757600 -0.99024600 H 3.00081500 -1.92492000 -1.17956300 H 1.85794600 -0.77017000 -1.84998800 H 3.96886700 0.38047000 -1.29612100 H 3.88645800 -0.19819200 0.36255300 O -1.91953900 -1.03731500 -0.67744800 C -3.02262700 -1.55215100 0.04243600 H -3.78607800 -0.78630400 0.21531100 H -3.46625700 -2.35750300 -0.54505000 H -2.71427700 -1.95955200 1.01163300 O -1.93775800 1.21149100 0.30423400 C -2.50839300 1.94748700 -0.75640000 H -3.24411400 1.35528700 -1.31233900 H -3.01256400 2.81987700 -0.33746300 H -1.74083400 2.29232600 -1.46003400 | C94: -565.50872 | F94: =E94+C94 -> -565.50872 | G94: =F94-(F93-G93) -> -0.053209051 | H94: =627.5095*G94 -> -33.389185 | I94: =H94-H70 -> 19.660564
A95: [ax-CyO・(MeO)2BH]‡ | B95: 0 1 B 1.39503800 0.03723500 0.19888000 H 0.75760900 0.36095700 1.24239500 O 0.20917300 -0.23249900 -0.83674600 C -0.65860500 0.03157500 0.07923800 C -1.35200100 -1.07309800 0.79221900 C -1.32557700 1.35981800 0.11451600 C -2.71548300 -1.25046000 0.08371500 H -1.52308600 -0.78542100 1.83038900 H -0.75924400 -1.98465100 0.75003900 C -2.68935700 1.17386100 -0.59078700 H -1.49667000 1.65294400 1.15117400 H -0.71452500 2.10635400 -0.38904200 C -3.49784300 0.05729300 0.05928000 H -3.26804000 -2.03109300 0.60740500 H -2.54375100 -1.60177800 -0.93755300 H -3.22323300 2.12365500 -0.54773200 H -2.51706200 0.94435900 -1.64601300 H -4.43462500 -0.08376500 -0.48352600 H -3.75765700 0.34482500 1.08285500 O 2.08104200 -1.17163600 0.48810100 C 2.79853700 -1.76437200 -0.57681000 H 3.56609300 -1.09091500 -0.97261900 H 3.28772800 -2.66324900 -0.19829800 H 2.13271600 -2.05190000 -1.39804400 O 2.11360900 1.13120900 -0.36021900 C 3.12271000 1.67546900 0.46327000 H 3.90216600 0.93961700 0.69105300 H 3.58227200 2.51309800 -0.06394200 H 2.70924900 2.04368400 1.41013500 | C95: -565.50414 | F95: =E95+C95 -> -565.50414 | G95: =F95-(F93-G93) -> -0.048627051 | H95: =627.5095*G95 -> -30.513936
A96: eq-CyOH・(MeO)2B | B96: 0 1 C -2.63053100 1.32585700 -0.53129200 C -1.28045100 0.70312500 -0.87871600 C -1.87572700 -1.34482500 0.44575300 C -3.22777900 -0.72865900 0.79646900 C -3.68708200 0.25447900 -0.27671400 H -1.35729600 0.15247100 -1.82278800 H -0.52221100 1.47875700 -1.01229700 H -2.52159700 1.94550400 0.36578800 H -2.94843100 1.99144800 -1.33707600 H -1.96840900 -1.94810700 -0.46408700 H -1.53514300 -2.00807200 1.24474000 H -3.96938400 -1.51925300 0.93155400 H -3.14750500 -0.20390400 1.75499400 H -3.87716400 -0.29161400 -1.20755300 H -4.63142200 0.71903900 0.01770900 C -0.83234900 -0.26746400 0.20425200 O 0.38845200 -0.90878500 -0.17085600 B 1.60766600 -0.30364900 -0.02700300 H -0.67250100 0.28492700 1.13612400 O 2.63636600 -0.98940800 -0.61348800 C 4.00466300 -0.85024300 -0.26472900 H 4.13142800 -0.70690300 0.80999900 H 4.50925900 -1.77239800 -0.55373500 H 4.46590600 -0.01796700 -0.79920600 O 1.68687700 0.86977800 0.66678900 C 2.74378700 1.81139300 0.56658200 H 2.34576400 2.77888400 0.87294700 H 3.57101600 1.54783400 1.22744500 H 3.10861000 1.89293400 -0.45874000 | C96: -565.59283 | F96: =F60+F101 -> -797.00115 | G96: =F96-2*F4-(F93-G93) -> -0.12916306 | H96: =627.5095*G96 -> -81.051045
A97: (MeO)3B | B97: 0 1 O -1.44353000 -0.83680500 -0.03820700 B -0.19091800 -0.28087900 -0.02433900 C -2.59947600 -0.01796900 0.03944700 H -2.62803500 0.70618900 -0.77807100 H -3.46845500 -0.67130700 -0.03611200 H -2.64116600 0.51722600 0.99097600 O 0.81547600 -1.18568000 -0.21443600 C 2.17406400 -0.98754400 0.14413200 H 2.63111600 -1.97282400 0.23693900 H 2.70841900 -0.42607500 -0.62405600 H 2.26377500 -0.47110000 1.10144700 O -0.08698700 1.06520200 0.16973800 C 1.05569800 1.85970000 -0.10979900 H 0.71669800 2.89175200 -0.19908200 H 1.78514300 1.79970100 0.69926200 H 1.52569700 1.56396700 -1.04904200 | C97: -370.31685 | F97: =E97+C97 -> -370.31685
A98: 12_(MeO)3BH- methanolysis
A99: MeOH2・(MeO)3BH | B99: 0 1 B 0.48453400 0.10857200 0.07643600 O -0.21099100 0.68069200 -1.06048500 H -1.41915200 0.25336700 1.05741200 H -0.17024600 0.34074300 1.17378400 O -2.46033700 0.19949100 1.01986200 C -2.92354300 -0.96555600 0.27093600 H -2.49612700 -1.82933000 0.76943500 H -4.00682200 -0.96875100 0.34171700 H -2.58443600 -0.89142000 -0.75887100 C -0.43240200 2.06698100 -1.03591900 H -1.18771700 2.31918000 -1.78484000 H -0.79638700 2.40240600 -0.05417100 H 0.47700500 2.63493000 -1.26447800 H -2.78439800 1.02502100 0.62745800 O 1.77894300 0.74863000 0.24334100 C 2.54095200 0.34223500 1.35044400 H 2.85146400 -0.70748400 1.27607700 H 3.44066500 0.95991800 1.40654900 H 1.98460700 0.46152800 2.29051700 O 0.51952900 -1.34103200 -0.01622200 C 1.27982700 -1.89029600 -1.06753900 H 2.31870800 -1.53899300 -1.05194300 H 1.28802900 -2.97775600 -0.96043500 H 0.85598000 -1.64865000 -2.04989600 | C99: -487.12799 | F99: =E99+C99 -> -487.12799 | G99: =F99-(F76-G76)-(F5-G5) -> -0.027276358 | H99: =627.5095*G99 -> -17.116174 | I99: =H99-H$77 -> 30.56567
A100: [MeOH2・(MeO)3BH]‡ | B100: 0 1 B 0.47392300 0.10568700 0.02491400 O -0.22925800 0.70781400 -1.06570200 H -1.22141000 0.22368300 1.05601700 H -0.21603100 0.29748300 1.18979200 O -2.40216300 0.16370500 1.02013400 C -2.87646900 -0.98921400 0.28658900 H -2.44066800 -1.85970500 0.76839800 H -3.96076600 -1.01499300 0.36626100 H -2.56117500 -0.92738700 -0.75323200 C -0.42557300 2.10052100 -1.02304300 H -1.17034400 2.37091300 -1.77481900 H -0.79301500 2.42587800 -0.04027600 H 0.49637900 2.65134300 -1.23764700 H -2.72211500 0.97961900 0.61133000 O 1.71300400 0.77451700 0.30261800 C 2.47092500 0.30328800 1.39054700 H 2.83145900 -0.71880700 1.22774400 H 3.33589700 0.95673400 1.52107900 H 1.88732400 0.31388400 2.32043500 O 0.51327400 -1.32825900 -0.06933900 C 1.30552600 -1.86425300 -1.10733500 H 2.33554300 -1.49067200 -1.07046400 H 1.33165800 -2.95023900 -0.99603800 H 0.89233200 -1.63043100 -2.09539200 | C100: -487.13146 | F100: =E100+C100 -> -487.13146 | G100: =F100-(F76-G76)-(F5-G5) -> -0.030745358 | H100: =627.5095*G100 -> -19.293004 | I100: =H100-H$77 -> 28.38884
...

Sheet summery
C1: CyO | E1: acetophenone
B2: methanolysis | C2: eq | D2: ax | E2: 4‘-NO2 | F2: H | G2: 4‘-MeO
A3: NaBH4 | B3: =TS_calculation!I26 -> 21.78691 | C3: =TS_calculation!I13 -> 26.484198 | D3: =TS_calculation!I14 -> 29.019964 | E3: =TS_calculation!I17 -> 24.96186 | F3: =TS_calculation!I15 -> 26.537536 | G3: =TS_calculation!I18 -> 30.589365
A4: Na(MeO)BH3 | B4: =TS_calculation!I43 -> 22.980335 | C4: =TS_calculation!I49 -> 13.802135 | D4: =TS_calculation!I50 -> 15.861621 | E4: =TS_calculation!I56 -> 14.180523 | F4: =TS_calculation!I54 -> 15.414207 | G4: =TS_calculation!I58 -> 18.441313
A5: Na(MeO)2BH2 | B5: =TS_calculation!I74 -> 26.347551 | C5: =TS_calculation!I80 -> 15.357731 | D5: =TS_calculation!I81 -> 17.343171 | E5: =TS_calculation!I84 -> 13.985995 | F5: =TS_calculation!I83 -> 16.220557 | G5: =TS_calculation!I85 -> 17.564682
A6: Na(MeO)3BH | B6: =TS_calculation!I100 -> 28.38884 | C6: =TS_calculation!I106 -> 16.170984 | D6: =TS_calculation!I107 -> 18.664079 | E6: =TS_calculation!I110 -> 15.567319 | F6: =TS_calculation!I109 -> 19.041212 | G6: =TS_calculation!I111 -> 20.117391
A7: average | B7: =AVERAGE(B4:B6) -> 25.905576 | C7: =AVERAGE(C4:C6) -> 15.110283 | D7: =AVERAGE(D4:D6) -> 17.289624 | E7: =AVERAGE(E4:E6) -> 14.577946 | F7: =AVERAGE(F4:F6) -> 16.891992 | G7: =AVERAGE(G4:G6) -> 18.707795
A8: Experiment | B8: - | C8: =-2.56 -> -2.56 | D8: =-1.72 -> -1.72 | E8: -2.02 | F8: -0.25 | G8: 0.56

Sheet EDA
B2: Bond Energy | C2: Orbital Energy | D2: Electrostatic Energy | E2: Pauli Energy | F2: Delta E^0(XC) | G2: Delta Dispersion | H2: total
A3: benzophenone | B3: -33.16 | C3: -70.93 | D3: -76.51 | E3: 183.42 | F3: -58.52 | G3: -10.62 | H3: =SUM(B3:G3) -> -66.32
A4: Cyclohexanone (eq) | B4: -39.12 | C4: -77.64 | D4: -85.44 | E4: 200.49 | F4: -65.61 | G4: -10.91 | H4: =SUM(B4:G4) -> -78.23
A5: Cyclohexanone (ax) | B5: -34.92 | C5: -76.99 | D5: -79.88 | E5: 193.44 | F5: -61.8 | G5: -9.7 | H5: =SUM(B5:G5) -> -69.85
