Workbook

Sheet dataset
D1: unit: kcal/mol | F1: Competitive reaction: 0 (training data), regioselective data: 1 (test data) | G1: Distinguish symmetry and reaction face | I1: A1 = fluorenone | L1: A2 = benzophenone | N1: substrate1=dibenzosuberone | T1: for acetophenone skelton (from ref https://pubs.acs.org/doi/pdf/10.1021/cr00002a004?casa_token=xCt8l1UZ8wMAAAAA:RPkuIj9tMEk-r-GBzRkKO6zfp1iCt2HTOClZQQm07YvdOjqoodlWRBhZ8BGXCjV2KWi9O3-I1KyW7kkO9qo) | U1: for diaryl cycloketone | V1: 1H-NMR reference
A2: entry | B2: Supplier (Catalog No.) | C2: CAS RN | D2: name | E2: analogue | F2: test | G2: SMILES | H2: temperature | I2: ΔΔG | J2: benzophenone correction | K2: ±σ | L2: ΔΔG | M2: ±σ | N2: ΔΔG | O2: benzophenone correction | P2: ±σ | Q2: ΔΔG.expt. | R2: ±σ.expt. | S2: k2/k1 | T2: Hammett σ | U2: carbonyl angle | V2: ketone | W2: alcohol | X2: reference | Y2: isolated yield after reduction to monoketone
A3: C12 | B3: TCI(C1335) | C3: 13547-70-1 | D3: ='A1 = fluorenone'!A3 -> 1-chloropinacolin | E3: chain | F3: 0 | G3: O=C(CCl)C(C)(C)C | H3: 273 | I3: ='A1 = fluorenone'!Q3 -> -0.85181055 | J3: =I3+$L$22 -> -2.6011303 | K3: ='A1 = fluorenone'!R3 -> 0.013977079 | L3: ='A1 = benzophenone'!Q34 -> -2.1120317 | M3: ='A1 = benzophenone'!$R$34 -> 0.12903075 | Q3: =J3 -> -2.6011303 | R3: =K3 -> 0.013977079 | S3: =EXP(-Q3/1.99/H3*1000) -> 120.05074 | V3: SDBS(No.:19329) | W3: Degennaro, Leonardo, et al. "External trapping of halomethyllithium enabled by flow microreactors." Advanced Synthesis & Catalysis 357.1 (2015): 21-27. | X3: this work
A4: A12 | B4: TCI(T0848) | C4: 434-45-7 | D4: ='A1 = fluorenone'!A8 -> 2,2,2-trifluoroacetophenone | E4: acetophenone | F4: 0 | G4: O=C(C(F)(F)F)c1ccccc1 | H4: 273 | I4: ='A1 = fluorenone'!Q8 -> -0.57734173 | J4: =I4+$L$22 -> -2.3266615 | K4: ='A1 = fluorenone'!R8 -> 0.062382414 | Q4: =J4 -> -2.3266615 | R4: =K4 -> 0.062382414 | S4: =EXP(-Q4/1.99/H4*1000) -> 72.435626 | V4: SDBS(No.:10872) | W4: Peng, Peng, et al. "Lithium triethylborohydride-promoted generation of α, α-difluoroenolates from 2-iodo-2, 2-difluoroacetophenones: an unprecedented utilization of lithium triethylborohydride." RSC Advances 7.88 (2017): 56034-56037. | X4: this work
A5: D100 | B5: TCI(C1292) | C5: 4746-97-8 | D5: ='A1 = fluorenone'!A13 -> 1,4-Cyclohexanedion monoethyleneketal | F5: 0 | G5: O=C1[13CH2]CC2(OCCO2)CC1 | H5: 273 | I5: ='A1 = fluorenone'!Q13 -> -0.51730459 | J5: =I5+$L$22 -> -2.2666243 | K5: ='A1 = fluorenone'!R13 -> 0.0090008289 | Q5: =J5 -> -2.2666243 | R5: =K5 -> 0.0090008289 | S5: =EXP(-Q5/1.99/H5*1000) -> 64.857176 | V5: Scifinder(Spectrum ID EN300-26857, Spectral data were obtained from Enamine Ltd.) | W5: Scifinder(Spectrum ID EN300-39891, Spectral data were obtained from Enamine Ltd.) | X5: this work
A6: D99(trans) | B6: TCI(M0197) | C6: 583-60-8 | D6: ='A1 = fluorenone'!A23 -> 2-methylcyclohexanone(trans) | E6: aliphaticcyclo | F6: 0 | G6: O=C1[C@@H](C)CCCC1 | H6: 273 | I6: ='A1 = fluorenone'!Q23 -> -0.52851761 | J6: =I6+$L$22 -> -2.2778374 | K6: ='A1 = fluorenone'!R23 -> 0.030599363 | Q6: =J6 -> -2.2778374 | R6: =K6 -> 0.030599363 | S6: =EXP(-Q6/1.99/H6*1000) -> 66.20973 | V6: SDBS(No.:1437) | W6: SDBS(No.:709) | X6: this work
A7: D99(cis) | B7: TCI(M0197) | C7: 583-60-8 | D7: ='A1 = fluorenone'!A24 -> 2-methylcyclohexanone(cis) | E7: aliphaticcyclo | F7: 0 | G7: O=C1[C@H](C)CCCC1 | H7: 273 | I7: ='A1 = fluorenone'!Q24 -> -0.19387865 | J7: =I7+$L$22 -> -1.9431984 | K7: ='A1 = fluorenone'!R24 -> 0.054387204 | Q7: =J7 -> -1.9431984 | R7: =K7 -> 0.054387204 | S7: =EXP(-Q7/1.99/H7*1000) -> 35.760921 | V7: SDBS(No.:1437) | W7: SDBS(No.:708) | X7: this work
A8: A99 | B8: TCI(B0098) | C8: 614-16-4 | D8: ='A1 = fluorenone'!A25 -> Benzoylacetonitrile | F8: 0 | G8: O=C(c1ccccc1)CC#N | H8: 273 | I8: ='A1 = fluorenone'!Q25 -> -0.3636398 | J8: =I8+$L$22 -> -2.1129596 | K8: ='A1 = fluorenone'!R25 -> 0.014362019 | Q8: =J8 -> -2.1129596 | R8: =M8 -> 0 | S8: =EXP(-Q8/1.99/H8*1000) -> 48.878419 | V8: SDBS(No.:6287) | W8: CAS | X8: this work
A9: D10 | B9: TCI(D4149) | C9: 4255-62-3 | D9: ='A1 = fluorenone'!A37 -> 4,4-dimethylcyclohexanone | E9: aliphaticcyclo | F9: 0 | G9: O=C1[13CH2]CC(C)(C)CC1 | H9: 273 | I9: ='A1 = fluorenone'!Q37 -> -0.35264328 | J9: =I9+$L$22 -> -2.101963 | K9: ='A1 = fluorenone'!R37 -> 0.014487071 | L9: ='A1 = benzophenone'!Q22 -> -2.2408885 | M9: ='A1 = benzophenone'!R22 -> 0.073588328 | Q9: =J9 -> -2.101963 | R9: =K9 -> 0.014487071 | S9: =EXP(-Q9/1.99/H9*1000) -> 47.898999 | V9: Bolli, Martin H., et al. "Novel S1P1 Receptor Agonists-Part 2: From Bicyclo [3.1. 0] hexane-Fused Thiophenes to Isobutyl Substituted Thiophenes." Journal of Medicinal Chemistry 57.1 (2014): 78-97. | W9: Uyanik, Muhammet, Matsujiro Akakura, and Kazuaki Ishihara. "2-Iodoxybenzenesulfonic acid as an extremely active catalyst for the selective oxidation of alcohols to aldehydes, ketones, carboxylic acids, and enones with oxone." Journal of the American Chemical Society 131.1 (2009): 251-262. | X9: this work
A10: B5 | B10: TCI(I0649) | C10: 615-13-4 | D10: ='A1 = fluorenone'!A42 -> 2-indanone | E10: arylcyclo | F10: 0 | G10: O=C1[13CH2]c2ccccc2C1 | H10: 273 | I10: ='A1 = fluorenone'!Q42 -> -0.35246825 | J10: =I10+$L$22 -> -2.101788 | K10: ='A1 = fluorenone'!R42 -> 0.033098067 | L10: ='A1 = benzophenone'!Q3 -> -2.5103753 | M10: ='A1 = benzophenone'!$R$3 -> 0.094668015 | Q10: =J10 -> -2.101788 | R10: =K10 -> 0.033098067 | S10: =EXP(-Q10/1.99/H10*1000) -> 47.883569 | V10: Phatake, Ravindra S., and Chepuri V. Ramana. "Oxone–acetone mediated Wacker-type oxidation of benzo-fused olefins." Tetrahedron Letters 56.25 (2015): 3868-3871. | W10: SDBS(No.:6339) | X10: this work
A11: D11(trans) | B11: TCI(B1074) | C11: 98-53-3 | D11: ='A1 = fluorenone'!A52 -> 4-tert-butylcyclohexanone (trans) | E11: aliphaticcyclo | F11: 0 | G11: O=C1[13CH2]C[C@@H](C(C)(C)C)CC1 | H11: 273 | I11: ='A1 = fluorenone'!Q52 -> -0.53481706 | J11: =I11+$L$22 -> -2.2841368 | K11: ='A1 = fluorenone'!R52 -> 0.0054794785 | L11: ='A1 = benzophenone'!Q13 -> -2.5596575 | M11: ='A1 = benzophenone'!R13 -> 0.019986691 | Q11: =J11 -> -2.2841368 | R11: =K11 -> 0.0054794785 | S11: =EXP(-Q11/1.99/H11*1000) -> 66.981928 | V11: SDBS(No.:843) | W11: Maegawa, Tomohiro, et al. "Efficient and practical arene hydrogenation by heterogeneous catalysts under mild conditions." Chemistry–A European Journal 15.28 (2009): 6953-6963. | X11: this work
A12: D11(cis) | B12: TCI(B1074) | C12: 98-53-3 | D12: ='A1 = fluorenone'!A53 -> 4-tert-butylcyclohexanone (cis) | E12: aliphaticcyclo | F12: 0 | G12: O=C1[13CH2]C[C@H](C(C)(C)C)CC1 | H12: 273 | I12: ='A1 = fluorenone'!Q53 -> 0.16837852 | J12: =I12+$L$22 -> -1.5809412 | K12: ='A1 = fluorenone'!R53 -> 0.0054794785 | L12: ='A1 = benzophenone'!Q14 -> -1.7227799 | M12: ='A1 = benzophenone'!R14 -> 0.019986691 | Q12: =J12 -> -1.5809412 | R12: =K12 -> 0.0054794785 | S12: =EXP(-Q12/1.99/H12*1000) -> 18.357661 | V12: SDBS(No.:843) | W12: Maegawa, Tomohiro, et al. "Efficient and practical arene hydrogenation by heterogeneous catalysts under mild conditions." Chemistry–A European Journal 15.28 (2009): 6953-6963. | X12: this work
A13: A4 | B13: TCI(N0111) | C13: 100-19-6 | D13: ='A1 = fluorenone'!A54 -> 4'-nitroacetophenone | E13: acetophenone | F13: 0 | G13: O=C(C)c1ccc([N+]([O-])=O)cc1 | H13: 273 | I13: ='A1 = fluorenone'!Q54 -> -0.26912766 | J13: =I13+$L$22 -> -2.0184474 | K13: ='A1 = fluorenone'!R54 -> 0.011994637 | L13: ='A1 = benzophenone'!Q44 -> -1.8901003 | M13: ='A1 = benzophenone'!R44 -> 0.06033477 | Q13: =J13 -> -2.0184474 | R13: =K13 -> 0.011994637 | S13: =EXP(-Q13/1.99/H13*1000) -> 41.073657 | T13: 0.78 | V13: SDBS(No.:1014) | W13: Yang, Yongsheng, et al. "Formal hydration of non-activated terminal olefins using tandem catalysts." Chemical Communications 50.20 (2014): 2608-2611. | X13: this work
A14: D8(cis) | B14: TCI(M0198) | C14: 591-24-2 | D14: ='A1 = fluorenone'!A64 -> 3-methylcyclohexanone (cis) | E14: aliphaticcyclo | F14: 0 | G14: O=C1C[C@H](C)CCC1 | H14: 273 | I14: ='A1 = fluorenone'!Q64 -> -0.35410211 | J14: =I14+$L$22 -> -2.1034219 | K14: ='A1 = fluorenone'!R64 -> 0.017305498 | L14: ='A1 = benzophenone'!Q32 -> -2.4035 | M14: ='A1 = benzophenone'!R32 -> 0.034283298 | Q14: =J14 -> -2.1034219 | R14: =K14 -> 0.017305498 | S14: =EXP(-Q14/1.99/H14*1000) -> 48.027794 | V14: SDBS(No.:3734) | W14: Maegawa, Tomohiro, et al. "Efficient and practical arene hydrogenation by heterogeneous catalysts under mild conditions." Chemistry–A European Journal 15.28 (2009): 6953-6963. | X14: this work
A15: D8(trans) | B15: TCI(M0198) | C15: 591-24-2 | D15: ='A1 = fluorenone'!A65 -> 3-methylcyclohexanone (trans) | E15: aliphaticcyclo | F15: 0 | G15: O=C1C[C@@H](C)CCC1 | H15: 273 | I15: ='A1 = fluorenone'!Q65 -> 0.24650066 | J15: =I15+$L$22 -> -1.5028191 | K15: ='A1 = fluorenone'!R65 -> 0.017305498 | L15: ='A1 = benzophenone'!Q33 -> -1.7603932 | M15: ='A1 = benzophenone'!R33 -> 0.034283298 | Q15: =J15 -> -1.5028191 | R15: =K15 -> 0.017305498 | S15: =EXP(-Q15/1.99/H15*1000) -> 15.898856 | V15: SDBS(No.:3734) | W15: Maegawa, Tomohiro, et al. "Efficient and practical arene hydrogenation by heterogeneous catalysts under mild conditions." Chemistry–A European Journal 15.28 (2009): 6953-6963. | X15: this work
A16: C3 | B16: TCI(P1336) | C16: 1817-57-8 | D16: ='A1 = fluorenone'!A66 -> 4-phenyl-3-butyn-2-one | E16: chain | F16: 0 | G16: O=C(C)C#Cc1ccccc1 | H16: 273 | I16: ='A1 = fluorenone'!Q66 -> -0.057300518 | J16: =I16+$L$22 -> -1.8066203 | K16: ='A1 = fluorenone'!R66 -> 0.014920035 | L16: ='A1 = benzophenone'!Q49 -> -1.8648138 | M16: ='A1 = benzophenone'!R49 -> 0.030251134 | Q16: =J16 -> -1.8066203 | R16: =K16 -> 0.014920035 | S16: =EXP(-Q16/1.99/H16*1000) -> 27.811667 | V16: SDBS(No.:23711) | W16: Hashmi, A. Stephen K., et al. "Regioselectivity switch: gold (I)-catalyzed oxidative rearrangement of propargyl alcohols to 1, 3-diketones." The Journal of Organic Chemistry 77.17 (2012): 7761-7767. | X16: this work
A17: A9 | B17: Aldrich(N9381) | C17: 121-89-1 | D17: ='A1 = fluorenone'!A71 -> 3'-nitroacetophenone | E17: acetophenone | F17: 0 | G17: O=C(C)c1cc([N+]([O-])=O)ccc1 | H17: 273 | I17: ='A1 = fluorenone'!Q71 -> -0.045735601 | J17: =I17+$L$22 -> -1.7950553 | K17: ='A1 = fluorenone'!R71 -> 0.0086069326 | Q17: =J17 -> -1.7950553 | R17: =K17 -> 0.0086069326 | S17: =EXP(-Q17/1.99/H17*1000) -> 27.22588 | V17: SDBS(No.:1021) | W17: Scifinder (Spectrum IDWSLH_2017_019461, Spectral data were obtained from John Wiley & Sons, Inc.) | X17: this work
A18: B6 | B18: TCI(T1167) | C18: 530-93-8 | D18: ='A1 = fluorenone'!A76 -> 2-tetralone | E18: arylcyclo | F18: 0 | G18: O=C1Cc2ccccc2CC1 | H18: 273 | I18: ='A1 = fluorenone'!Q76 -> 0.023753801 | J18: =I18+$L$22 -> -1.7255659 | K18: ='A1 = fluorenone'!R76 -> 0.0058431032 | L18: ='A1 = benzophenone'!Q54 -> -1.7623652 | M18: ='A1 = benzophenone'!$R$54 -> 0.10254472 | Q18: =J18 -> -1.7255659 | R18: =K18 -> 0.0058431032 | S18: =EXP(-Q18/1.99/H18*1000) -> 23.95695 | V18: Wang, Zhi-Ming, et al. "Ruthenium (IV) porphyrin catalyzed highly selective oxidation of internal alkenes into ketones with Cl2pyNO as terminal oxidant." Tetrahedron Letters 55.10 (2014): 1736-1739. | W18: Li, Huaifeng, et al. "Selective catalytic hydrogenation of arenols by a well-defined complex of ruthenium and phosphorus–nitrogen PN3–pincer ligand containing a phenanthroline backbone." ACS Catalysis 7.7 (2017): 4446-4450. | X18: this work
A19: D9(trans) | B19: TCI(M0199) | C19: 589-92-4 | D19: ='A1 = benzophenone'!A20 -> 4-methylcyclohexanone (trans) | E19: aliphaticcyclo | F19: 0 | G19: O=C1[13CH2]C[C@@H](C)CC1 | H19: 273 | L19: ='A1 = benzophenone'!Q20 -> -2.5316083 | M19: ='A1 = benzophenone'!R20 -> 0.057619887 | Q19: =L19 -> -2.5316083 | R19: =M19 -> 0.057619887 | S19: =EXP(-Q19/1.99/H19*1000) -> 105.63026 | V19: SDBS(No.:5761) | W19: Maegawa, Tomohiro, et al. "Efficient and practical arene hydrogenation by heterogeneous catalysts under mild conditions." Chemistry–A European Journal 15.28 (2009): 6953-6963. | X19: this work
A20: D9(cis) | B20: TCI(M0199) | C20: 589-92-4 | D20: ='A1 = benzophenone'!A21 -> 4-methylcyclohexanone (cis) | E20: aliphaticcyclo | F20: 0 | G20: O=C1[13CH2]C[C@H](C)CC1 | H20: 273 | L20: ='A1 = benzophenone'!Q21 -> -1.7285999 | M20: ='A1 = benzophenone'!R21 -> 0.057619887 | Q20: =L20 -> -1.7285999 | R20: =M20 -> 0.057619887 | S20: =EXP(-Q20/1.99/H20*1000) -> 24.091113 | V20: SDBS(No.:5761) | W20: Maegawa, Tomohiro, et al. "Efficient and practical arene hydrogenation by heterogeneous catalysts under mild conditions." Chemistry–A European Journal 15.28 (2009): 6953-6963. | X20: this work
A21: D4 | B21: TCI(C0489) | C21: 108-94-1 | D21: ='A1 = benzophenone'!A39 -> cyclohexanone | E21: aliphaticcyclo | F21: 0 | G21: O=C1[13CH2]CCCC1 | H21: 273 | L21: ='A1 = benzophenone'!Q39 -> -2.0835535 | M21: ='A1 = benzophenone'!R39 -> 0.058642057 | Q21: =L21 -> -2.0835535 | R21: =M21 -> 0.058642057 | S21: =EXP(-Q21/1.99/H21*1000) -> 46.30306 | V21: SDBS(No.:571) | W21: SDBS(No.:581) | X21: this work
A22: B7 | B22: TCI(F0021) | C22: 486-25-9 | D22: ='A1 = benzophenone'!A59 -> 9-fluorenone | E22: arylcyclo | F22: 1 | G22: O=C1[13c]2ccccc2c3ccccc13 | H22: 273 | I22: 0 | J22: =I22+$L$22 -> -1.7493197 | K22: 0 | L22: ='A1 = benzophenone'!Q59 -> -1.7493197 | M22: ='A1 = benzophenone'!$R$59 -> 0.018329314 | Q22: =J22 -> -1.7493197 | R22: =K22 -> 0 | S22: =EXP(-Q22/1.99/H22*1000) -> 25.027676 | U22: 104.82 | V22: SDBS(No.:2223) | W22: SDBS(No.:4909) | X22: this work
A23: D1(cis) | B23: TCI(B6029) | C23: 30830-27-4 | D23: 3-(benzyloxy)cyclobutanone(cis) | E23: aliphaticcyclo | F23: 1 | G23: O=C1[13CH2][C@H](OCc2ccccc2)C1 | H23: 273 | L23: ='A1 = benzophenone'!Q69 -> -1.9691263 | M23: ='A1 = benzophenone'!R69 -> 0.037798738 | Q23: =L23 -> -1.9691263 | R23: =M23 -> 0.037798738 | S23: =EXP(-Q23/1.99/H23*1000) -> 37.509017 | V23: McConathy, Jonathan, et al. "Improved synthesis of anti-[18F] FACBC: improved preparation of labeling precursor and automated radiosynthesis." Applied Radiation and Isotopes 58.6 (2003): 657-666. | W23: Franck, Dominic, et al. "Investigations into the synthesis, radiofluorination and conjugation of a new [18F] fluorocyclobutyl prosthetic group and its in vitro stability using a tyrosine model system." Bioorganic & medicinal chemistry 21.3 (2013): 643-652. | X23: this work
A24: D1(trans) | B24: TCI(B6029) | C24: 30830-27-4 | D24: 3-(benzyloxy)cyclobutanone(trans) | E24: aliphaticcyclo | F24: 1 | G24: O=C1[13CH2][C@@H](OCc2ccccc2)C1 | H24: 273 | L24: ='A1 = benzophenone'!Q70 -> -0.91197171 | M24: ='A1 = benzophenone'!R70 -> 0.037798738 | Q24: =L24 -> -0.91197171 | R24: =M24 -> 0.037798738 | S24: =EXP(-Q24/1.99/H24*1000) -> 5.358431 | V24: McConathy, Jonathan, et al. "Improved synthesis of anti-[18F] FACBC: improved preparation of labeling precursor and automated radiosynthesis." Applied Radiation and Isotopes 58.6 (2003): 657-666. | W24: Confirmed from the Enamine database spectrum available on SciFinder. | X24: this work
A25: A11 | B25: TCI(T1546） | C25: 349-76-8 | D25: ='A1 = benzophenone'!A71 -> 3'-(trifluoromethyl)acetophenone | E25: acetophenone | F25: 0 | G25: O=C(C)c1cc(C(F)(F)F)ccc1 | H25: 273 | L25: ='A1 = benzophenone'!Q71 -> -1.5841979 | M25: ='A1 = benzophenone'!$R$71 -> 0.02876503 | Q25: =L25 -> -1.5841979 | R25: =M25 -> 0.02876503 | S25: =EXP(-Q25/1.99/H25*1000) -> 18.468038 | T25: 0.43 | V25: SDBS(No.:21485) | W25: Bigler, Raphael, Raffael Huber, and Antonio Mezzetti. "Highly enantioselective transfer hydrogenation of ketones with chiral (NH) 2P2 macrocyclic iron (II) complexes." Angewandte Chemie 127.17 (2015): 5260-5263. | X25: this work
A26: E4 | B26: TCI(A0719) | C26: 700-58-3 | D26: ='A1 = benzophenone'!A76 -> 2-adamantanone | E26: polycyclic | F26: 0 | G26: C1C2CC3CC1C[13CH](C2)C3=O | H26: 273 | I26: ='A1 = fluorenone'!Q81 -> 0.26610523 | J26: =I26+$L$22 -> -1.4832145 | K26: ='A1 = fluorenone'!R81 -> 0.030459074 | L26: ='A1 = benzophenone'!Q76 -> -1.4704738 | M26: ='A1 = benzophenone'!R76 -> 0.012088341 | Q26: =L26 -> -1.4704738 | R26: =M26 -> 0.012088341 | S26: =EXP(-Q26/1.99/H26*1000) -> 14.979895 | V26: SDBS(No.:403) | W26: SDBS(No.:25) | X26: this work
A27: A6 | B27: TCI(T1784) | C27: 709-63-7 | D27: ='A1 = benzophenone'!A81 -> 4'-(trifluoromethyl)acetophenone | E27: acetophenone | F27: 0 | G27: O=C(C)c1ccc(C(F)(F)F)cc1 | H27: 273 | L27: ='A1 = benzophenone'!Q81 -> -1.4634051 | M27: ='A1 = benzophenone'!R81 -> 0.059895933 | Q27: =L27 -> -1.4634051 | R27: =M27 -> 0.059895933 | S27: =EXP(-Q27/1.99/H27*1000) -> 14.786249 | T27: 0.54 | V27: SDBS(No.:23190) | W27: Peng, Dongjie, Mintao Zhang, and Zheng Huang. "A General, Practical Triethylborane‐Catalyzed Reduction of Carbonyl Functions to Alcohols." Chemistry–A European Journal 21.42 (2015): 14737-14741. | X27: this work
A28: C8 | B28: TCI(F0970) | C28: 2836-82-0 | D28: ='A1 = benzophenone'!A101 -> 2-fluorophenylacetone | E28: acetophenone | F28: 0 | G28: O=C(C)Cc1c(F)cccc1 | H28: 273 | L28: ='A1 = benzophenone'!Q101 -> -1.1844709 | M28: ='A1 = benzophenone'!R101 -> 0.051868392 | Q28: =L28 -> -1.1844709 | R28: =M28 -> 0.051868392 | S28: =EXP(-Q28/1.99/H28*1000) -> 8.8486236 | V28: Fu, Wai Chung, Zhongyuan Zhou, and Fuk Yee Kwong. "Preparation of a Highly Congested Carbazoyl-Derived P, N-Type Phosphine Ligand for Acetone Monoarylations." Organometallics 35.10 (2016): 1553-1558. | W28: Liu, Weiping, et al. "A General Regioselective Synthesis of Alcohols by Cobalt‐Catalyzed Hydrogenation of Epoxides." Angewandte Chemie 132.28 (2020): 11417-11420. | X28: this work
A29: C2 | B29: TCI(B0405) | C29: 2550-26-7 | D29: ='A1 = benzophenone'!A113 -> 4-phenyl-2-butanone | E29: chain | F29: 0 | G29: O=C(C)CCc1ccccc1 | H29: 273 | I29: ='A1 = fluorenone'!Q86 -> 0.60956896 | J29: =I29+$L$22 -> -1.1397508 | K29: ='A1 = fluorenone'!R86 -> 0.011855117 | L29: ='A1 = benzophenone'!Q113 -> -0.99204607 | M29: ='A1 = benzophenone'!R113 -> 0.30242809 | Q29: =J29 -> -1.1397508 | R29: =K29 -> 0.011855117 | S29: =EXP(-Q29/1.99/H29*1000) -> 8.1494088 | V29: SDBS(No.:13611) | W29: SDBS(No.:1443) | X29: this work
A30: C4 | B30: TCI(D1157) | C30: 5436-21-5 | D30: ='A1 = benzophenone'!A123 -> 1,1-dimethoxy-3-butanone | E30: chain | F30: 0 | G30: O=C(C)CC(OC)OC | H30: 273 | L30: ='A1 = benzophenone'!Q123 -> -0.8821075 | M30: ='A1 = benzophenone'!$R$123 -> 0.0090478732 | Q30: =L30 -> -0.8821075 | R30: =M30 -> 0.0090478732 | S30: =EXP(-Q30/1.99/H30*1000) -> 5.0718214 | V30: SDBS(No.:3407) | W30: Heathcock, Clayton H., Syunichi Kiyooka, and Todd A. Blumenkopf. "Acyclic stereoselection. 22. Diastereofacial selectivity in the Lewis acid mediated reactions of allylsilanes with chiral aldehydes and enones." The Journal of Organic Chemistry 49.22 (1984): 4214-4223. | X30: this work
A31: C6 | B31: TCI(C3585) | C31: 6004-60-0 | D31: ='A1 = benzophenone'!A128 -> 1-cyclopentylethanone | E31: chain | F31: 0 | G31: O=C(C)C1CCCC1 | H31: 273 | I31: ='A1 = fluorenone'!Q98 -> 0.78543763 | J31: =I31+$L$22 -> -0.96388212 | K31: ='A1 = fluorenone'!R98 -> 0.016949302 | L31: ='A1 = benzophenone'!Q128 -> -0.87412513 | M31: ='A1 = benzophenone'!R128 -> 0.046474729 | Q31: =L31 -> -0.87412513 | R31: =M31 -> 0.046474729 | S31: =EXP(-Q31/1.99/H31*1000) -> 4.997845 | V31: Schmidt, Gunther, et al. "Practical synthesis of a S1P receptor 1 agonist via a guareschi–thorpe reaction." Organic Process Research & Development 20.9 (2016): 1637-1646. | W31: Hinkens, D. M.; Midland, M. M. Investigation of Cyclization Reactions of Dicyclohexyl-6-iodo- and -6-tosylhexenylborane. A Facile Radical Cyclization Diverted to a Rearrangement−Cyclization with Base. J. Org. Chem. 2009, 74(11), 4143–4148. | X31: this work
A32: B2 | B32: TCI(C1644) | C32: 42348-86-7 | D32: ='A1 = benzophenone'!A133 -> 5-chloro-1-indanone | E32: arylcyclo | F32: 0 | G32: O=C1c2ccc(Cl)cc2CC1 | H32: 273 | L32: ='A1 = benzophenone'!Q133 -> -0.81199078 | M32: ='A1 = benzophenone'!R133 -> 0.0078406645 | Q32: =L32 -> -0.81199078 | R32: =M32 -> 0.0078406645 | S32: =EXP(-Q32/1.99/H32*1000) -> 4.4577126 | V32: Chen, Peng-hao, et al. "Rh-catalyzed reagent-free ring expansion of cyclobutenones and benzocyclobutenones." Chemical science 6.10 (2015): 5440-5445. | W32: Arp, Forrest O., and Gregory C. Fu. "Catalytic enantioselective Negishi reactions of racemic secondary benzylic halides." Journal of the American Chemical Society 127.30 (2005): 10482-10483. | X32: this work
A33: C5 | B33: TCI(N0293) | C33: 821-55-6 | D33: ='A1 = benzophenone'!A138 -> 2-nonanone | E33: chain | F33: 0 | G33: CCCCCCCC(=O)C | H33: 273 | L33: ='A1 = benzophenone'!$Q$138 -> -0.79591068 | M33: ='A1 = benzophenone'!$R$138 -> 0.0083426149 | N33: ='A1=dibenzosuberone'!Q3 -> -2.1508108 | O33: =N33++$L$77 -> -1.1280136 | P33: ='A1=dibenzosuberone'!R3 -> 0.046586136 | Q33: =L33 -> -0.79591068 | R33: =M33 -> 0.0083426149 | S33: =EXP(-Q33/1.99/H33*1000) -> 4.3277036 | V33: SDBS(No.:2134) | W33: SDBS(No.:6584) | X33: this work
A34: D13(trans) | B34: TCI(T0602) | C34: 873-94-9 | D34: ='A1 = benzophenone'!A148 -> 3,3,5-trimethylcyclohexanone(trans) | E34: aliphaticcyclo | F34: 0 | G34: O=C1CC(C)(C)C[C@@H](C)C1 | H34: 273 | I34: ='A1 = fluorenone'!Q96 -> 0.46636494 | J34: =I34+$L$22 -> -1.2829548 | K34: ='A1 = fluorenone'!R96 -> 0.069694411 | L34: ='A1 = benzophenone'!Q148 -> -1.0930328 | M34: ='A1 = benzophenone'!R148 -> 0.0058324499 | Q34: =L34 -> -1.0930328 | R34: =M34 -> 0.0058324499 | S34: =EXP(-Q34/1.99/H34*1000) -> 7.477895 | V34: SDBS(No.:6517) | W34: SDBS(No.:6556) | X34: this work
A35: D13(cis) | B35: TCI(T0602) | C35: 873-94-9 | D35: ='A1 = benzophenone'!A149 -> 3,3,5-trimethylcyclohexanone(cis) | E35: aliphaticcyclo | F35: 0 | G35: O=C1CC(C)(C)C[C@H](C)C1 | H35: 273 | I35: ='A1 = fluorenone'!Q97 -> 1.1104787 | J35: =I35+$L$22 -> -0.63884104 | K35: ='A1 = fluorenone'!R97 -> 0.069694411 | L35: ='A1 = benzophenone'!Q149 -> -0.18361162 | M35: ='A1 = benzophenone'!R149 -> 0.0058324499 | Q35: =L35 -> -0.18361162 | R35: =M35 -> 0.0058324499 | S35: =EXP(-Q35/1.99/H35*1000) -> 1.4021053 | V35: SDBS(No.:6517) | W35: SDBS(No.:6555) | X35: this work
A36: A5 | B36: TCI( C0033) | C36: 99-91-2 | D36: ='A1 = benzophenone'!A150 -> 4'-chloroacetophenone | E36: acetophenone | F36: 0 | G36: O=C(C)c1ccc(Cl)cc1 | H36: 273 | L36: ='A1 = benzophenone'!Q150 -> -0.7904736 | M36: ='A1 = benzophenone'!R150 -> 0.043574911 | Q36: =L36 -> -0.7904736 | R36: =M36 -> 0.043574911 | S36: =EXP(-Q36/1.99/H36*1000) -> 4.2846077 | T36: 0.23 | V36: SDBS(No.:2376) | W36: SDBS(Np.:6159) | X36: this work
A37: A17 | B37: TCI(D6091) | C37: 938-16-9 | D37: ='A1 = benzophenone'!A155 -> 2,2-dimethyl-1-phenylpropan-1-one | E37: acetophenone | F37: 0 | G37: O=C(C(C)(C)C)c1ccccc1 | H37: 273 | L37: ='A1 = benzophenone'!Q155 -> -0.76726929 | M37: ='A1 = benzophenone'!R155 -> 0.015932873 | Q37: =L37 -> -0.76726929 | R37: =M37 -> 0.015932873 | S37: =EXP(-Q37/1.99/H37*1000) -> 4.1054555 | V37: Zhu, Yingguang, Baoguo Zhao, and Yian Shi. "Highly efficient Cu (I)-catalyzed oxidation of alcohols to ketones and aldehydes with diaziridinone." Organic letters 15.5 (2013): 992-995. | W37: Kuriyama, Masami, Rumiko Shimazawa, and Ryuichi Shirai. "Efficient 1, 2-Addition of Aryl-and Alkenylboronic Acids to Aldehydes Catalyzed by the Palladium/Thioether− Imidazolinium Chloride System." The Journal of Organic Chemistry 73.4 (2008): 1597-1600. | X37: this work
A38: A10 | B38: TCI(C0096) | C38: 99-02-5 | D38: ='A1 = benzophenone'!A160 -> 3'-chloroacetophenone | E38: acetophenone | F38: 0 | G38: O=C(C)c1cc(Cl)ccc1 | H38: 273 | L38: ='A1 = benzophenone'!$Q$160 -> -0.74511058 | M38: ='A1 = benzophenone'!$R$160 -> 0.075521608 | Q38: =L38 -> -0.74511058 | R38: =M38 -> 0.075521608 | S38: =EXP(-Q38/1.99/H38*1000) -> 3.9413726 | T38: 0.37 | V38: SDBS(No.:2383) | W38: Jung, Thais Cordeiro, Gilles Argouarch, and Pierre van De Weghe. "Cyclopentadienyliron dicarbonyl dimer: A simple tool for the hydrosilylation of aldehydes and ketones under air." Catalysis Communications 78 (2016): 52-54. | X38: this work
A39: B10 | B39: TCI(D1791) | C39: 2222-33-5 | D39: ='A1 = benzophenone'!A165 -> dibenzosuberenone | E39: arylcyclo | F39: 0 | G39: O=C1[13c]2ccccc2C=Cc3ccccc13 | H39: 273 | L39: ='A1 = benzophenone'!Q165 -> -0.5707523 | M39: ='A1 = benzophenone'!R165 -> 0.0075487168 | Q39: =L39 -> -0.5707523 | R39: =M39 -> 0.0075487168 | S39: =EXP(-Q39/1.99/H39*1000) -> 2.8593285 | V39: SDBS(No.:12961) | W39: Confirmed from the Sigma-Aldrich database spectrum available on SciFinder. | X39: this work
A40: E2(endo) | B40: TCI(N0511) | C40: 497-38-1 | D40: ='A1 = benzophenone'!A175 -> 2-norbornanone (endo) | E40: polycyclic | F40: 0 | G40: O=C1[C@@H](C2)CCC2C1 | H40: 273 | L40: ='A1 = benzophenone'!Q175 -> -0.89850456 | M40: ='A1 = benzophenone'!R175 -> 0.021760666 | Q40: =L40 -> -0.89850456 | R40: =M40 -> 0.021760666 | S40: =EXP(-Q40/1.99/H40*1000) -> 5.2272335 | V40: SDBS(No.:13580) | W40: SDBS(No.:21209) | X40: this work
A41: E2(exo) | B41: TCI(N0511) | C41: 497-38-1 | D41: ='A1 = benzophenone'!A176 -> 2-norbornanone (exo) | E41: polycyclic | F41: 0 | G41: O=C1[C@H](C2)CCC2C1 | H41: 273 | L41: ='A1 = benzophenone'!Q176 -> 0.5061094 | M41: ='A1 = benzophenone'!R176 -> 0.021760666 | Q41: =L41 -> 0.5061094 | R41: =M41 -> 0.021760666 | S41: =EXP(-Q41/1.99/H41*1000) -> 0.3939236 | V41: SDBS(No.:13580) | W41: SDBS(No.:21170) | X41: this work
A42: D5 | B42: TCI(C0466) | C42: 502-42-1 | D42: ='A1 = benzophenone'!A177 -> cycloheptanone | E42: aliphaticcyclo | F42: 0 | G42: C1CC[13CH2]C(=O)CC1 | H42: 273 | L42: ='A1 = benzophenone'!$Q$177 -> -0.54176151 | M42: ='A1 = benzophenone'!$R$177 -> 0.012068893 | Q42: =L42 -> -0.54176151 | R42: =M42 -> 0.012068893 | S42: =EXP(-Q42/1.99/H42*1000) -> 2.7107445 | V42: SDBS(No.:3947) | W42: SDBS No.:6038 | X42: this work
A43: C7 | B43: TCI(D1397) | C43: 781-35-1 | D43: ='A1 = benzophenone'!A182 -> 1,1-diphenylacetone | E43: chain | F43: 0 | G43: O=C(C)C(c1ccccc1)c2ccccc2 | H43: 273 | L43: ='A1 = benzophenone'!$Q$182 -> -0.51806925 | M43: ='A1 = benzophenone'!$R$182 -> 0.033841767 | Q43: =L43 -> -0.51806925 | R43: =M43 -> 0.033841767 | S43: =EXP(-Q43/1.99/H43*1000) -> 2.5950683 | V43: SDBS(No.:7414) | W43: Liu, Weiping, et al. "A General Regioselective Synthesis of Alcohols by Cobalt‐Catalyzed Hydrogenation of Epoxides." Angewandte Chemie 132.28 (2020): 11417-11420. | X43: this work
A44: C1 | B44: TCI(A0053) | C44: 93-08-3 | D44: ='A1 = benzophenone'!A192 -> 2'-acetonaphthone | E44: chain | F44: 0 | G44: O=C(C)c1cc2ccccc2cc1 | H44: 273 | L44: ='A1 = benzophenone'!Q192 -> -0.48110156 | M44: ='A1 = benzophenone'!R192 -> 0.077381813 | Q44: =L44 -> -0.48110156 | R44: =M44 -> 0.077381813 | S44: =EXP(-Q44/1.99/H44*1000) -> 2.4243567 | V44: SDBS(No.:7051) | W44: Wang, Shengdong, et al. "Silver‐catalyzed hydrogenation of ketones under mild conditions." Advanced Synthesis & Catalysis 361.4 (2019): 786-790. | X44: this work
A45: D3 | B45: TCI(D5988) | C45: 4541-32-6 | D45: ='A1 = benzophenone'!A197 -> 2,2-dimethylcyclopentanone | E45: aliphaticcyclo | F45: 0 | G45: O=C1C(C)(C)CCC1 | H45: 273 | L45: ='A1 = benzophenone'!$Q$197 -> -0.47722205 | M45: ='A1 = benzophenone'!$R$182 -> 0.033841767 | Q45: =L45 -> -0.47722205 | R45: =M45 -> 0.033841767 | S45: =EXP(-Q45/1.99/H45*1000) -> 2.407106 | V45: SpectraBase (Spectrum ID 2pU5lxH9jFu, Source of Sample NIST, Gaithersburg, Maryland Wiley Organics) | W45: Scifinder (Spectrum ID EN300-197925, Source Spectral data were obtained from Enamine Ltd.) | X45: this work
A46: E99(exo) | B46: TCI(B6638) | C46: 694-98-4 | D46: ='A1 = benzophenone'!A207 -> Bicyclo[2.2.2]hept-5en-2one(exo) | F46: 0 | G46: O=C1[C@H]2C=C[C@H](C2)C1 | H46: 273 | L46: ='A1 = benzophenone'!Q207 -> 0.98759772 | M46: ='A1 = benzophenone'!R207 -> 0.090336779 | Q46: =L46 -> 0.98759772 | R46: =M46 -> 0.090336779 | S46: =EXP(-Q46/1.99/H46*1000) -> 0.16237019 | V46: CAS | W46: Dongshun Ni, Brittany P. Witherspoon,et al. "Stereoselective [4+2]-Cycloaddition with Chiral Alkenylboranes" Angew. Chem. Int. Ed 59,28 (2020):11432 | X46: this work
A47: E99(endo) | B47: TCI(B6638) | C47: 694-98-4 | D47: ='A1 = benzophenone'!A208 -> Bicyclo[2.2.2]hept-5en-2one(endo) | F47: 0 | G47: O=C1[C@@H]2C=C[C@@H](C2)C1 | H47: 273 | L47: ='A1 = benzophenone'!Q208 -> -0.76681734 | M47: ='A1 = benzophenone'!R208 -> 0.0034327493 | Q47: =L47 -> -0.76681734 | R47: =M47 -> 0.0034327493 | S47: =EXP(-Q47/1.99/H47*1000) -> 4.1020416 | V47: CAS | W47: Dongshun Ni, Brittany P. Witherspoon,et al. "Stereoselective [4+2]-Cycloaddition with Chiral Alkenylboranes" Angew. Chem. Int. Ed 59,28 (2020):11432 | X47: this work
A48: D12(trans) | B48: TCI(T3944) | C48: 2408-37-9 | D48: ='A1 = benzophenone'!A209 -> 2,2,6-trimethylcyclohexanone (trans) | E48: aliphaticcyclo | F48: 0 | G48: O=C1C(C)(C)CCC[C@H]1(C) | H48: 273 | L48: ='A1 = benzophenone'!Q214 -> -0.73805892 | M48: ='A1 = benzophenone'!R214 -> 0.027769419 | Q48: =L48 -> -0.73805892 | R48: =M48 -> 0.027769419 | S48: =EXP(-Q48/1.99/H48*1000) -> 3.8905441 | V48: McFadden, Ryan M., and Brian M. Stoltz. "The catalytic enantioselective, protecting group-free total synthesis of (+)-dichroanone." Journal of the American Chemical Society 128.24 (2006): 7738-7739. | W48: Margot, Christian, et al. "Amber‐Woody Scent: Alcohols with Divergent Structure Present Common Olfactory Characteristics and Sharp Enantiomer Differentiation." Helvetica chimica acta 87.10 (2004): 2662-2684. | X48: this work
A49: D12(cis) | B49: TCI(T3944) | C49: 2408-37-9 | D49: ='A1 = benzophenone'!A210 -> 2,2,6-Trimethylcyclohexanone-2 | E49: aliphaticcyclo | F49: 0 | G49: O=C1C(C)(C)CCC[C@@H]1(C) | H49: 273 | L49: ='A1 = benzophenone'!Q215 -> -0.11903846 | M49: ='A1 = benzophenone'!R215 -> 0.027769419 | Q49: =L49 -> -0.11903846 | R49: =M49 -> 0.027769419 | S49: =EXP(-Q49/1.99/H49*1000) -> 1.2449741 | V49: McFadden, Ryan M., and Brian M. Stoltz. "The catalytic enantioselective, protecting group-free total synthesis of (+)-dichroanone." Journal of the American Chemical Society 128.24 (2006): 7738-7739. | W49: Matsumoto, Takashi, et al. "The Stereochemistry of Nucleophilic Addition. IV. The Condensation of 2, 2, 6-Trimethylcyclohexanone with t-Butyl Acetate in the Presence of Lithium Amide." Bulletin of the Chemical Society of Japan 45.4 (1972): 1147-1152. | X49: this work
A50: C9 | B50: TCI(N0294) | C50: 502-56-7 | D50: ='A1 = benzophenone'!A216 -> 5-nonanone | E50: chain | F50: 0 | G50: CCC[13CH2]C(=O)CCCC | H50: 273 | L50: ='A1 = benzophenone'!$Q$216 -> -0.27993769 | M50: ='A1 = benzophenone'!$R$216 -> 0.01649945 | N50: ='A1=dibenzosuberone'!Q8 -> -1.4010583 | O50: =N50++$L$77 -> -0.37826107 | P50: ='A1=dibenzosuberone'!R8 -> 0.06380668 | Q50: =L50 -> -0.27993769 | R50: =M50 -> 0.01649945 | S50: =EXP(-Q50/1.99/H50*1000) -> 1.6741119 | V50: SDBS(No.:2102) | W50: SDBS(No.:6587) | X50: this work
A51: D14 | B51: TCI(T2282) | C51: 14376-79-5 | D51: ='A1 = benzophenone'!A221 -> 3,3,5,5-tetramethylcyclohexan-1-one | E51: aliphaticcyclo | F51: 0 | G51: O=C1[13CH2]C(C)(C)CC(C)(C)C1 | H51: 273 | L51: ='A1 = benzophenone'!Q221 -> -0.2711278 | M51: ='A1 = benzophenone'!R221 -> 0.015661938 | Q51: =L51 -> -0.2711278 | R51: =M51 -> 0.015661938 | S51: =EXP(-Q51/1.99/H51*1000) -> 1.6471827 | V51: SpectraBase(Spectrum ID tsGQWJgzW6, Source of Sample Sigma-Aldrich Co. LLC.) | W51: SDBS(No.:23158) | X51: this work
A52: A1 | B52: TC(A0061) | C52: 98-86-2 | D52: ='A1 = benzophenone'!A226 -> acetophenone | E52: acetophenone | F52: 0 | G52: O=C(c1ccccc1)C | H52: 273 | L52: ='A1 = benzophenone'!Q226 -> -0.25135992 | M52: ='A1 = benzophenone'!R226 -> 0.010378605 | Q52: =L52 -> -0.25135992 | R52: =M52 -> 0.010378605 | S52: =EXP(-Q52/1.99/H52*1000) -> 1.5883243 | T52: 0 | V52: SDBS(No.:722) | W52: SDBS(No.:2365) | X52: this work
A53: A15 | B53: TCI(I0113) | C53: 611-70-1 | D53: ='A1 = benzophenone'!A233 -> isobutyrophenone | E53: acetophenone | F53: 0 | G53: O=C(c1ccccc1)C(C)C | H53: 273 | I53: ='A1 = fluorenone'!Q103 -> 1.409613 | J53: =I53+$L$22 -> -0.33970676 | K53: ='A1 = fluorenone'!R103 -> 0.18286908 | L53: ='A1 = benzophenone'!Q233 -> -0.22544927 | M53: ='A1 = benzophenone'!R233 -> 0.0061961932 | Q53: =L53 -> -0.22544927 | R53: =M53 -> 0.0061961932 | S53: =EXP(-Q53/1.99/H53*1000) -> 1.514349 | V53: SDBS(No.:10524) | W53: Zhang, Guoqi, et al. "Redox-noninnocent ligand-supported vanadium catalysts for the chemoselective reduction of C═ X (X= O, N) functionalities." Journal of the American Chemical Society 141.38 (2019): 15230-15239. | X53: this work
A54: A7 | B54: TCI(M0191) | C54: 585-74-0 | D54: ='A1 = benzophenone'!A238 -> 3'-methylacetophenone | E54: acetophenone | F54: 0 | G54: CC(c1cc(C)ccc1)=O | H54: 273 | L54: ='A1 = benzophenone'!$Q$238 -> -0.2106493 | M54: ='A1 = benzophenone'!$R$238 -> 0.015843096 | Q54: =L54 -> -0.2106493 | R54: =M54 -> 0.015843096 | S54: =EXP(-Q54/1.99/H54*1000) -> 1.4736514 | T54: -0.07 | V54: SDBS(No.:2334) | W54: Uthoff, Florian, Hirofumi Sato, and Harald Gröger. "Formal enantioselective hydroamination of non‐activated alkenes: transformation of styrenes into enantiomerically pure 1‐phenylethylamines in chemoenzymatic one‐pot synthesis." ChemCatChem 9.4 (2017): 555-558. | X54: this work
A55: A8 | B55: TCI(M0104) | C55: 586-37-8 | D55: ='A1 = benzophenone'!A243 -> 3'-methoxyacetophenone | E55: acetophenone | F55: 0 | G55: CC(c1cc(OC)ccc1)=O | H55: 273 | L55: ='A1 = benzophenone'!$Q$243 -> -0.20925601 | M55: ='A1 = benzophenone'!$R$243 -> 0.060923012 | Q55: =L55 -> -0.20925601 | R55: =M55 -> 0.060923012 | S55: =EXP(-Q55/1.99/H55*1000) -> 1.4698769 | T55: 0.12 | V55: SDBS(No.:3368) | W55: Sánchez-Rodríguez, E. P., et al. "[N, P]-pyrrole-phosphine ligand: An efficient and robust ligand for Ru-catalyzed transfer hydrogenation microwave-assisted reactions." Catalysis Communications 115 (2018): 49-54. | X55: this work
A56: B1 | B56: TCI(I0013) | C56: 83-33-0 | D56: ='A1 = benzophenone'!A248 -> 1-indanone | E56: arylcyclo | F56: 0 | G56: O=C1c2ccccc2CC1 | H56: 273 | L56: ='A1 = benzophenone'!Q248 -> -0.19548927 | M56: ='A1 = benzophenone'!R248 -> 0.0077939341 | Q56: =L56 -> -0.19548927 | R56: =M56 -> 0.0077939341 | S56: =EXP(-Q56/1.99/H56*1000) -> 1.4330975 | V56: SDBS(No.:6300) | W56: SDBS(No.:6338) | X56: this work
A57: A13 | B57: TCI( P0519) | C57: 93-55-0 | D57: ='A1 = benzophenone'!A253 -> propiophenone | E57: acetophenone | F57: 0 | G57: O=C(CC)c1ccccc1 | H57: 273 | L57: ='A1 = benzophenone'!Q253 -> -0.14005833 | M57: ='A1 = benzophenone'!R253 -> 0.0022447383 | Q57: =L57 -> -0.14005833 | R57: =M57 -> 0.0022447383 | S57: =EXP(-Q57/1.99/H57*1000) -> 1.2940879 | V57: SDBS(No.:2839) | W57: SDBS(No.:2343) | X57: this work
A58: A19 | B58: TCI(C1035) | C58: 5407-98-7 | D58: ='A1 = benzophenone'!A258 -> cyclobutyl phenyl ketone | E58: acetophenone | F58: 0 | G58: O=C(C1CCC1)c2ccccc2 | H58: 273 | L58: ='A1 = benzophenone'!Q258 -> -0.097409111 | M58: ='A1 = benzophenone'!R258 -> 0.010323635 | Q58: =L58 -> -0.097409111 | R58: =M58 -> 0.010323635 | S58: =EXP(-Q58/1.99/H58*1000) -> 1.1963814 | V58: Gonzalez-de-Castro, Angela, and Jianliang Xiao. "Green and efficient: Iron-catalyzed selective oxidation of olefins to carbonyls with O2." Journal of the American Chemical Society 137.25 (2015): 8206-8218. | W58: Rahaim Jr, Ronald J., and Robert E. Maleczka Jr. "C− O Hydrogenolysis catalyzed by Pd-PMHS nanoparticles in the company of chloroarenes." Organic letters 13.4 (2011): 584-587. | X58: this work
A59: B3 | B59: TCI(T0134) | C59: 529-34-0 | D59: ='A1 = benzophenone'!A263 -> 1-tetralone | E59: arylcyclo | F59: 0 | G59: O=C1c2ccccc2CCC1 | H59: 273 | L59: ='A1 = benzophenone'!Q263 -> -0.093794859 | M59: ='A1 = benzophenone'!R263 -> 0.0077946863 | Q59: =L59 -> -0.093794859 | R59: =M59 -> 0.0077946863 | S59: =EXP(-Q59/1.99/H59*1000) -> 1.1884485 | V59: SDBS(No.:6660) | W59: SpectraBase (Spectrum ID IWLmrk9haob Source of Sample Sigma-Aldrich Co. LLC.) | X59: this work
A60: A22 | B60: TCI(C1345) | C60: 712-50-5 | D60: ='A1 = benzophenone'!A268 -> cyclohexyl phenyl ketone | E60: acetophenone | F60: 0 | G60: O=C(C1CCCCC1)c2ccccc2 | H60: 273 | L60: ='A1 = benzophenone'!Q268 -> -0.058961159 | M60: ='A1 = benzophenone'!R268 -> 0.010555297 | Q60: =L60 -> -0.058961159 | R60: =M60 -> 0.010555297 | S60: =EXP(-Q60/1.99/H60*1000) -> 1.1146385 | V60: SDBS(No.:15253) | W60: Kuriyama, Masami, Rumiko Shimazawa, and Ryuichi Shirai. "Efficient 1, 2-Addition of Aryl-and Alkenylboronic Acids to Aldehydes Catalyzed by the Palladium/Thioether− Imidazolinium Chloride System." The Journal of Organic Chemistry 73.4 (2008): 1597-1600. | X60: this work
A61: A18 | B61: TCI(V0009) | C61: 1009-14-9 | D61: ='A1 = benzophenone'!A273 -> valerophenone | E61: acetophenone | F61: 0 | G61: O=C(CCCC)c1ccccc1 | H61: 273 | L61: ='A1 = benzophenone'!Q273 -> -0.055832479 | M61: ='A1 = benzophenone'!R273 -> 0.0014784853 | Q61: =L61 -> -0.055832479 | R61: =M61 -> 0.0014784853 | S61: =EXP(-Q61/1.99/H61*1000) -> 1.1082378 | V61: SDBS(No.:3301) | W61: SDBS(No.:11342) | X61: this work
A62: A14 | B62: TCI(B0769) | C62: 495-40-9 | D62: ='A1 = benzophenone'!A278 -> butyrophenone | E62: acetophenone | F62: 0 | G62: O=C(c1ccccc1)CCC | H62: 273 | L62: ='A1 = benzophenone'!Q278 -> -0.052908211 | M62: ='A1 = benzophenone'!R278 -> 0.0061331544 | Q62: =L62 -> -0.052908211 | R62: =M62 -> 0.0061331544 | S62: =EXP(-Q62/1.99/H62*1000) -> 1.1022885 | V62: SDBS(No.:826) | W62: SDBS(No.:51928) | X62: this work
A63: B4 | B63: TCI(T1347) | C63: 826-73-3 | D63: ='A1 = benzophenone'!A283 -> 1-benzosuberone | E63: arylcyclo | F63: 0 | G63: O=C1c2ccccc2CCCC1 | H63: 273 | L63: ='A1 = benzophenone'!Q283 -> -0.013318973 | M63: ='A1 = benzophenone'!R283 -> 0.0046307096 | Q63: =L63 -> -0.013318973 | R63: =M63 -> 0.0046307096 | S63: =EXP(-Q63/1.99/H63*1000) -> 1.0248193 | V63: SDBS(No.:15083) | W63: Chan, Chieh-Kai, Yi-Hsuan Huang, and Meng-Yang Chang. "Sodium amalgam mediated desulfonylative reduction of α-functionalized β-ketosulfones." Tetrahedron 72.35 (2016): 5521-5529. | X63: this work
A64: A23 | B64: TCI(B0083) | C64: 119-61-9 | D64: benzophenone | E64: acetophenone | F64: 0 | G64: O=C([13c]1ccccc1)c2ccccc2 | H64: 273 | L64: 0 | M64: 0 | Q64: =L64 -> 0 | R64: =M64 -> 0 | S64: =EXP(-Q64/1.99/H64*1000) -> 1 | U64: 119.94 | V64: SDBS(No.:1294) | W64: SDBS(No.:869) | X64: this work
A65: A2 | B65: TCI(M0135) | C65: 122-00-9 | D65: ='A1 = benzophenone'!A288 -> 4'-methylacetophenone | E65: acetophenone | F65: 0 | G65: O=C(C)c1ccc(C)cc1 | H65: 273 | L65: ='A1 = benzophenone'!Q288 -> 0.1594151 | M65: ='A1 = benzophenone'!R288 -> 0.012523173 | Q65: =L65 -> 0.1594151 | R65: =M65 -> 0.012523173 | S65: =EXP(-Q65/1.99/H65*1000) -> 0.74569678 | T65: -0.17 | V65: SDBS(No.:1498) | W65: SDBS(No.:6389) | X65: this work
A66: A21 | B66: TCI(C0987) | C66: 3481-02-5 | D66: ='A1 = benzophenone'!A293 -> cyclopentyl phenyl ketone | E66: acetophenone | F66: 0 | G66: O=C(c1ccccc1)C2CCCC2 | H66: 273 | L66: ='A1 = benzophenone'!$Q$293 -> 0.16759904 | M66: ='A1 = benzophenone'!$R$293 -> 0.006142667 | Q66: =L66 -> 0.16759904 | R66: =M66 -> 0.006142667 | S66: =EXP(-Q66/1.99/H66*1000) -> 0.73454762 | V66: SDBS(No.:7096) | W66: Scifinder Spectrum ID EN300-73355, Source Spectral data were obtained from Enamine Ltd.) | X66: this work
A67: D15(trans) | B67: TCI(M0513) | C67: 14073-97-3 | D67: ='A1 = benzophenone'!A303 -> (-)-menthone (eq) | E67: aliphaticcyclo | F67: 0 | G67: O=C1[C@@H](C(C)C)CC[C@H](C)C1 | H67: 273 | L67: ='A1 = benzophenone'!Q303 -> 0.098010632 | M67: ='A1 = benzophenone'!R303 -> 0.059407295 | Q67: =L67 -> 0.098010632 | R67: =M67 -> 0.059407295 | S67: =EXP(-Q67/1.99/H67*1000) -> 0.83492891 | V67: SDBS(No.No.:6805) | W67: SDBS(No.:19899) | X67: this work
A68: D15(cis) | B68: TCI(M0513) | C68: 14073-97-3 | D68: ='A1 = benzophenone'!A304 -> (-)-menthone (ax) | E68: aliphaticcyclo | F68: 0 | G68: O=C1[C@H](C(C)C)CC[C@@H](C)C1 | H68: 273 | L68: ='A1 = benzophenone'!Q304 -> 0.2770068 | M68: ='A1 = benzophenone'!R304 -> 0.059407295 | Q68: =L68 -> 0.2770068 | R68: =M68 -> 0.059407295 | S68: =EXP(-Q68/1.99/H68*1000) -> 0.6005629 | V68: SDBS(No.No.:6805) | W68: Itoh, H., et al. "Highly selective aluminium-catalysed intramolecular Prins reaction for l-menthol synthesis." Rsc Advances 4.106 (2014): 61619-61623. | X68: this work
A69: A16 | B69: TCI(C0987) | C69: 3481-02-5 | D69: ='A1 = benzophenone'!A305 -> cyclopropyl phenyl ketone | E69: acetophenone | F69: 0 | G69: O=C(c1ccccc1)C2CC2 | H69: 273 | L69: ='A1 = benzophenone'!Q305 -> 0.21261913 | M69: ='A1 = benzophenone'!R305 -> 0.022413271 | Q69: =L69 -> 0.21261913 | R69: =M69 -> 0.022413271 | S69: =EXP(-Q69/1.99/H69*1000) -> 0.67613051 | V69: SDBS(No.:18005) | W69: Zhang, Guoqi, et al. "Redox-noninnocent ligand-supported vanadium catalysts for the chemoselective reduction of C═ X (X= O, N) functionalities." Journal of the American Chemical Society 141.38 (2019): 15230-15239. | X69: this work
A70: D6 | B70: TCI(C0504) | C70: 502-49-8 | D70: ='A1 = benzophenone'!A310 -> cyclooctanone | E70: aliphaticcyclo | F70: 0 | G70: C1CC[13CH2]C(=O)CCC1 | H70: 273 | L70: ='A1 = benzophenone'!$Q$310 -> 0.27597834 | M70: ='A1 = benzophenone'!$R$310 -> 0.0047364215 | Q70: =L70 -> 0.27597834 | R70: =M70 -> 0.0047364215 | S70: =EXP(-Q70/1.99/H70*1000) -> 0.6017009 | V70: SDBS(No.:4641) | W70: SDBS(No.:3470) | X70: this work
A71: D2(trans) | B71: TCI(C0931) | C71: 4884-24-6 | D71: ='A1 = benzophenone'!A320 -> 2-cyclopentylcyclopentanone(trans) | E71: aliphaticcyclo | F71: 0 | G71: O=C1[C@@H](C2CCCC2)CCC1 | H71: 273 | L71: ='A1 = benzophenone'!Q320 -> 0.33594809 | M71: ='A1 = benzophenone'!R320 -> 0.016528023 | Q71: =L71 -> 0.33594809 | R71: =M71 -> 0.016528023 | S71: =EXP(-Q71/1.99/H71*1000) -> 0.53881583 | V71: SDBS(No.:6791) | W71: Sehgal, R. K., R. U. Koenigsberger, and T. J. Howard. "Hydroxyl proton magnetic resonance study of cyclic alcohols in dimethyl sulfoxide." Tetrahedron Letters 15.47 (1974): 4173-4176. | X71: this work
A72: D2(cis) | B72: TCI(C0931) | C72: 4884-24-6 | D72: ='A1 = benzophenone'!A321 -> 2-cyclopentylcyclopentanone(cis) | E72: aliphaticcyclo | F72: 0 | G72: O=C1[C@H](C2CCCC2)CCC1 | H72: 273 | L72: ='A1 = benzophenone'!Q321 -> 0.35812546 | M72: ='A1 = benzophenone'!R321 -> 0.016528023 | Q72: =L72 -> 0.35812546 | R72: =M72 -> 0.016528023 | S72: =EXP(-Q72/1.99/H72*1000) -> 0.5172632 | V72: SDBS(No.:6791) | W72: Sehgal, R. K., R. U. Koenigsberger, and T. J. Howard. "Hydroxyl proton magnetic resonance study of cyclic alcohols in dimethyl sulfoxide." Tetrahedron Letters 15.47 (1974): 4173-4176. | X72: this work
A73: D7 | B73: TCI(C0462) | C73: 830-13-7 | D73: ='A1 = benzophenone'!A327 -> cyclododecanone | E73: aliphaticcyclo | F73: 0 | G73: O=C1[13CH2]CCCCCCCCCC1 | H73: 273 | L73: ='A1 = benzophenone'!Q327 -> 0.50966129 | M73: ='A1 = benzophenone'!R327 -> 0.019351204 | Q73: =L73 -> 0.50966129 | R73: =M73 -> 0.019351204 | S73: =EXP(-Q73/1.99/H73*1000) -> 0.39135654 | V73: SDBS(No.:2130) | W73: SDBS(No.:5820) | X73: this work
A74: A3 | B74: TCI(M0105) | C74: 100-06-1 | D74: ='A1 = benzophenone'!A332 -> 4'-methoxyacetophenone | E74: acetophenone | F74: 0 | G74: O=C(C)c1ccc(OC)cc1 | H74: 273 | L74: ='A1 = benzophenone'!Q332 -> 0.56060685 | M74: ='A1 = benzophenone'!R332 -> 0.017849709 | Q74: =L74 -> 0.56060685 | R74: =M74 -> 0.017849709 | S74: =EXP(-Q74/1.99/H74*1000) -> 0.356325 | T74: -0.27 | V74: SDBS(No.:1164) | W74: Dieskau, André P., Jeanne‐Marie Begouin, and Bernd Plietker. "Bu4N [Fe (CO) 3 (NO)]‐Catalyzed Hydrosilylation of Aldehydes and Ketones." (2011): 5291-5296. | X74: this work
A75: A20 | B75: TCI(I0296) | C75: 582-62-7 | D75: ='A1 = benzophenone'!A337 -> isovalerophenone | E75: acetophenone | F75: 0 | G75: O=C(c1ccccc1)CC(C)C | H75: 273 | L75: ='A1 = benzophenone'!Q337 -> 0.56503562 | M75: ='A1 = benzophenone'!R337 -> 0.0087546861 | Q75: =L75 -> 0.56503562 | R75: =M75 -> 0.0087546861 | S75: =EXP(-Q75/1.99/H75*1000) -> 0.35343203 | V75: SDBS(No.:6922) | W75: He, Ping, Yong Lu, and Qiao-Sheng Hu. "Phosphinite-and phosphite-based type I palladacycles as highly active catalysts for addition reactions of arylboronic acids with aldehydes, α, β-unsaturated ketones, α-ketoesters, and aldimines." Tetrahedron letters 48.30 (2007): 5283-5288. | X75: this work
A76: C11 | B76: TCI(D2258) | C76: 119-60-8 | D76: ='A1 = benzophenone'!A342 -> dicyclohexylketone | E76: chain | F76: 0 | G76: O=C([13CH1]1CCCCC1)C2CCCCC2 | H76: 273 | L76: ='A1 = benzophenone'!Q342 -> 0.80269175 | M76: ='A1 = benzophenone'!R342 -> 0.040987521 | Q76: =L76 -> 0.80269175 | R76: =M76 -> 0.040987521 | S76: =EXP(-Q76/1.99/H76*1000) -> 0.22820316 | V76: SDBS(No.:19347) | W76: Tamang, Sem Raj, and Michael Findlater. "Iron catalyzed hydroboration of aldehydes and ketones." The Journal of Organic Chemistry 82.23 (2017): 12857-12862. | X76: this work
A77: B9 | B77: TCI(D1801) | C77: 1210-35-1 | D77: ='A1 = benzophenone'!A347 -> dibenzosuberone | E77: arylcyclo | F77: 0 | G77: O=C1[13c]2ccccc2CCc3ccccc13 | H77: 273 | L77: ='A1 = benzophenone'!Q347 -> 1.0227973 | M77: ='A1 = benzophenone'!R347 -> 0.018310925 | Q77: =L77 -> 1.0227973 | R77: =M77 -> 0.018310925 | S77: =EXP(-Q77/1.99/H77*1000) -> 0.15218348 | U77: 124.85 | V77: SDBS(No.:12963) | W77: Trose, Michael, et al. "Neutral dinuclear copper (I)-NHC complexes: synthesis and application in the hydrosilylation of ketones." ACS Catalysis 7.1 (2017): 238-242. | X77: this work
A78: C10 | B78: TCI(D0733) | C78: 108-83-8 | D78: ='A1=dibenzosuberone'!A13 -> 2,6-dimethyl-4-heptanone | E78: chain | F78: 0 | G78: CC(C)[13CH2]C(=O)CC(C)C | H78: 273 | N78: ='A1=dibenzosuberone'!Q13 -> 0.30764888 | O78: =N78+$L$77 -> 1.3304461 | P78: ='A1=dibenzosuberone'!R13 -> 0.041265798 | Q78: =O78 -> 1.3304461 | R78: =P78 -> 0.041265798 | S78: =EXP(-Q78/1.99/H78*1000) -> 0.086383435 | V78: SDBS(No.:818) | W78: Confirmed from the Sigma-Aldrich database spectrum available on SciFinder. | X78: this work
A79: C99 | B79: TCI(D1758) | C79: 1121-37-5 | D79: dicyclopropyl ketone | F79: 0 | G79: O=C(C1CC1)C2CC2 | H79: 273 | L79: ='A1 = benzophenone'!Q352 -> 1.8676716 | M79: ='A1 = benzophenone'!R352 -> 0.041052116 | Q79: =L79 -> 1.8676716 | R79: =M79 -> 0.041052116 | S79: =EXP(-Q79/1.99/H79*1000) -> 0.032134238 | V79: SDBS(No.:8552) | W79: Confirmed from the Enamine database spectrum available on SciFinder.
D80: ='A1 = benzophenone'!A357 -> 2'-aminoacetophenone | F80: 0 | G80: O=C(C)c1c(N)cccc1 | H80: 273 | L80: ='A1 = benzophenone'!Q357 -> 1.965207 | M80: ='A1 = benzophenone'!R357 -> 0.014525665 | Q80: =L80 -> 1.965207 | R80: =M80 -> 0.014525665 | S80: =EXP(-Q80/1.99/H80*1000) -> 0.026853289
A81: B8 | B81: TCI(D5841) | C81: 5447-86-9 | D81: ='A1=dibenzosuberone'!A18 -> 10,10-Dimethylanthracen-9(10H)-one | E81: arylcyclo | F81: 0 | G81: O=C1[13c]2ccccc2C(C)(C)c3ccccc13 | H81: 273 | N81: ='A1=dibenzosuberone'!Q18 -> 1.15679 | O81: =N81+$L$77 -> 2.1795873 | P81: ='A1=dibenzosuberone'!R18 -> 0.0089619063 | Q81: =O81 -> 2.1795873 | R81: =P81 -> 0.0089619063 | S81: =EXP(-Q81/1.99/H81*1000) -> 0.018097562 | V81: Wurche, Frank, et al. "The effect of pressure on hydrogen transfer reactions with quinones." Chemistry–A European Journal 10.11 (2004): 2707-2721. | W81: Bhattacharya, Ajit K., and Bernard Miller. "Rearrangement and fragmentation reactions of blocked aromatic alcohols." Journal of the American Chemical Society 105.10 (1983): 3242-3247. | X81: this work
A82: E1(exo) | B82: TCI(C0010) | C82: 464-49-3 | D82: ='A1=dibenzosuberone'!A28 -> camphor (exo) | E82: polycyclic | F82: 0 | G82: O=C1[C@](C)(C2(C)(C))CCC2C1 | H82: 273 | N82: ='A1=dibenzosuberone'!Q28 -> 1.1469336 | O82: =N82+$L$77 -> 2.1697309 | P82: ='A1=dibenzosuberone'!R28 -> 0.011778205 | Q82: =O82 -> 2.1697309 | R82: =P82 -> 0.011778205 | S82: =EXP(-Q82/1.99/H82*1000) -> 0.018428898 | V82: SDBS(No.:4329) | W82: SDBS(No.:6804) | X82: this work
A83: E1(endo) | B83: TCI(C0010) | C83: 464-49-3 | D83: ='A1=dibenzosuberone'!A29 -> camphor (endo) | E83: polycyclic | F83: 0 | G83: O=C1[C@@](C)(C2(C)(C))CCC2C1 | H83: 273 | N83: ='A1=dibenzosuberone'!Q29 -> 2.1241025 | O83: =N83+$L$77 -> 3.1468997 | P83: ='A1=dibenzosuberone'!R29 -> 0.011778205 | Q83: =O83 -> 3.1468997 | R83: =P83 -> 0.011778205 | S83: =EXP(-Q83/1.99/H83*1000) -> 0.0030503004 | V83: SDBS(No.:4329) | W83: SDBS(No.:6801) | X83: this work
A84: E3(endo) | B84: TCI(F0164) | C84: 7787-20-4 | D84: ='A1=dibenzosuberone'!A35 -> fenchone (endo) | E84: polycyclic | F84: 0 | G84: O=C1[C@@](C)(C2)CCC2C1(C)(C) | H84: 273 | N84: ='A1=dibenzosuberone'!Q35 -> 1.1214671 | O84: =N84+$L$77 -> 2.1442643 | P84: ='A1=dibenzosuberone'!R35 -> 0.062932936 | Q84: =O84 -> 2.1442643 | R84: =P84 -> 0.062932936 | S84: =EXP(-Q84/1.99/H84*1000) -> 0.019313348 | V84: SDBS(No.:6792) | W84: Confirmed from the Sigma-Aldrich database spectrum available on SciFinder. | X84: this work
A85: E3(exo) | B85: TCI(F0164) | C85: 7787-20-4 | D85: ='A1=dibenzosuberone'!A36 -> fenchone (exo) | E85: polycyclic | F85: 0 | G85: O=C1[C@](C)(C2)CCC2C1(C)(C) | H85: 273 | N85: ='A1=dibenzosuberone'!Q36 -> 2.6778773 | O85: =N85+$L$77 -> 3.7006746 | P85: ='A1=dibenzosuberone'!R36 -> 0.062932936 | Q85: =O85 -> 3.7006746 | R85: =P85 -> 0.062932936 | S85: =EXP(-Q85/1.99/H85*1000) -> 0.0011006531 | V85: SDBS(No.:6792) | W85: Janusz, J. M., et al. "High potency dipeptide sweeteners. 1. L-aspartyl-D-phenylglycine esters." Journal of medicinal chemistry 33.3 (1990): 1052-1061. | X85: this work
A86: A24 | B86: TCI(T1207) | C86: 466-37-5 | D86: ='A1 = benzophenone'!A362 -> 2,2,2-triphenylacetophenone | E86: acetophenone | F86: 0 | G86: O=C(c1ccccc1)C(c2ccccc2)(c3ccccc3)c4ccccc4 | H86: 273 | L86: ='A1 = benzophenone'!$Q$362 -> 2.8301121 | M86: ='A1 = benzophenone'!$R$362 -> 0.19172701 | Q86: =L86 -> 2.8301121 | R86: =M86 -> 0.19172701 | S86: =EXP(-Q86/1.99/H86*1000) -> 0.0054649384 | V86: SDBS(No.:15082) | W86: Confirmed from the Predicted NMR data calculated using Advanced Chemistry Development, Inc. (ACD/Labs) Software (© 1994-2025 ACD/Labs) on SciFinder. | X86: this work
B87: TCI(T0626) | C87: 532-24-1 | D87: Tropinone (exo) | F87: 1 | G87: O=C1[13CH2][C@H]2CC[C@H](N2C)C1 | H87: 273 | V87: SDBS(No.:10494) | W87: Scifinder(Spectrum ID EN300-6474754, Spectral data were obtained from Enamine Ltd.) | X87: this work
B88: TCI(T0626) | C88: 532-24-1 | D88: Tropinone (endo) | F88: 1 | G88: O=C1[13CH2][C@@H]2CC[C@@H](N2C)C1 | H88: 273 | V88: SDBS(No.:10494) | W88: Predicted NMR data calculated using Advanced Chemistry Development, Inc. (ACD/Labs) Software (© 1994-2026 ACD/Labs) | X88: this work
A89: D101 | B89: TCI(I0805) | C89: 10276-21-8 | D89: Isophorone Oxide (cis) | F89: 1 | G89: O=C1[C@@H]2O[C@]2(C)CC(C)(C)C1 | H89: 273 | I89: ='A1 = fluorenone'!Q36 -> 0.40633033 | J89: =I89+$L$22 -> -1.3429894 | K89: ='A1 = fluorenone'!R36 -> 0.010628278 | Q89: =J89 -> -1.3429894 | R89: =K89 -> 0.010628278 | S89: =EXP(-Q89/1.99/H89*1000) -> 11.846682 | V89: SDBS(No.:52935) | W89: Matthew A. Cooper, A.David Ward."Formation of dihydroxyselenides from allylic alcohols and their conversion to β-hydroxy epoxides via substitution of a phenylselenonyl group"Tetrahedron 60.36 (2004): 7963-7922. | X89: this work
A90: D101 | B90: TCI(I0805) | C90: 10276-21-8 | D90: Isophorone Oxide (trans) | F90: 1 | G90: O=C1[C@H]2O[C@@]2(C)CC(C)(C)C1 | H90: 273 | I90: ='A1 = fluorenone'!Q35 -> -0.66576048 | J90: =I90+$L$22 -> -2.4150802 | K90: ='A1 = fluorenone'!R35 -> 0.0015386984 | Q90: =J90 -> -2.4150802 | R90: =K90 -> 0.0015386984 | S90: =EXP(-Q90/1.99/H90*1000) -> 85.238321 | V90: SDBS(No.:52935) | W90: Matthew A. Cooper, A.David Ward."Formation of dihydroxyselenides from allylic alcohols and their conversion to β-hydroxy epoxides via substitution of a phenylselenonyl group"Tetrahedron 60.36 (2004): 7963-7922. | X90: this work
A91: C100 | B91: Wako | C91: 110-93-0 | D91: 6-methyl-5-hepten-2-one | F91: 0 | G91: O=C(C)CCC=C(C)C | H91: 273 | L91: ='A1 = benzophenone'!Q118 -> -0.90963738 | M91: ='A1 = benzophenone'!R118 -> 0.039176188 | Q91: =L91 -> -0.90963738 | R91: =M91 -> 0.039176188 | S91: =EXP(-Q91/1.99/H91*1000) -> 5.3354562 | V91: SDBS(No.:3575) | W91: Confirmed from the Sigma-Aldrich database spectrum available on SciFinder.
B92: TCI(H0584) | C92: 590-90-9 | D92: 4-Hydroxy-2-butanone | F92: 1 | G92: O=C(C)CCO | H92: 273 | V92: SDBS(No.:15443)
B93: TCI(A0650) | C93: 105-45-3 | D93: Methyl Acetoacetate | F93: 1 | G93: O=C(C)CC(=O)OC | H93: 273
D94: 2-Hydroxyacetophenone | F94: 1 | G94: O=C(CO)c1ccccc1 | H94: 273
A95: C101 | D95: 5-Chloro-2-pentanone | F95: 0 | G95: O=C(C)CCCCl | H95: 273 | L95: ='A1 = benzophenone'!Q96 -> -1.2087556 | M95: ='A1 = benzophenone'!R96 -> 0.0040162314 | Q95: =L95 -> -1.2087556 | R95: =M95 -> 0.0040162314 | S95: =EXP(-Q95/1.99/H95*1000) -> 9.253139 | V95: SDBS (No.:10178)
A96: C102 | C96: 541-85-5 | D96: 5-methyl-3-heptanone | F96: 0 | G96: O=C(CC)CC(C)CC | H96: 273 | L96: ='A1 = benzophenone'!Q322 -> 0.38764746 | M96: ='A1 = benzophenone'!R322 -> 0.07112463 | Q96: =L96 -> 0.38764746 | R96: =M96 -> 0.07112463 | S96: =EXP(-Q96/1.99/H96*1000) -> 0.48990452
D97: ='A1 = benzophenone'!A187 -> trans-benzalacetone | F97: 0 | G97: O=C(C)/C=C/c1ccccc1 | H97: 273 | L97: ='A1 = benzophenone'!Q187 -> -0.50501704 | M97: ='A1 = benzophenone'!R187 -> 0.010427877 | Q97: =L97 -> -0.50501704 | R97: =M97 -> 0.010427877 | S97: =EXP(-Q97/1.99/H97*1000) -> 2.5334641
A98: a1 | B98: TCI(P2423) | C98: 566-65-4 | D98: 5α-Pregnane-3,20-dione (Reduction of diketone to axial-3ol) | F98: 1 | G98: O=[13C]1C[C@H]2CC[C@@H]3[C@H]4CC[C@@H](C(=O)C)[C@]4(C)CC[C@H]3[C@]2(C)CC1 | H98: 273 | V98: Wong, Fung Fuh, et al. "Synthesis of 3α-hydroxy-21-(1′-imidazolyl)-3β-methoxyl-methyl-5α-pregnan-20-one via lithium imidazole with 17α-acetylbromopregnanone." Steroids 71.1 (2006): 77-82. | W98: Confirmed from the Sigma-Aldrich database spectrum available on SciFinder. | X98: this work
A99: a2 | B99: TCI(P2423) | C99: 566-65-4 | D99: 5α-Pregnane-3,20-dione (Reduction of diketone to equatorial-3ol) | F99: 1 | G99: O=[13C]1C[C@@H]2CC[C@H]3[C@@H]4CC[C@H](C(=O)C)[C@@]4(C)CC[C@@H]3[C@@]2(C)CC1 | H99: 273 | V99: Wong, Fung Fuh, et al. "Synthesis of 3α-hydroxy-21-(1′-imidazolyl)-3β-methoxyl-methyl-5α-pregnan-20-one via lithium imidazole with 17α-acetylbromopregnanone." Steroids 71.1 (2006): 77-82. | W99: Wong, Fung Fuh, et al. "Synthesis of 3α-hydroxy-21-(1′-imidazolyl)-3β-methoxyl-methyl-5α-pregnan-20-one via lithium imidazole with 17α-acetylbromopregnanone." Steroids 71.1 (2006): 77-82. | X99: this work | Y99: 88% (isolated yield. 87%dr.)
A100: a3 | B100: TCI(P2423) | C100: 566-65-4 | D100: 5α-Pregnane-3,20-dione (Reduction of diketone to cis-20ol) | F100: 1 | G100: C[13C](=O)[C@@H]1CC[C@@H]2[C@H]3CC[C@@H]4CC(=O)CC[C@@]4(C)[C@@H]3CC[C@@]12(C) | H100: 273 | V100: Wong, Fung Fuh, et al. "Synthesis of 3α-hydroxy-21-(1′-imidazolyl)-3β-methoxyl-methyl-5α-pregnan-20-one via lithium imidazole with 17α-acetylbromopregnanone." Steroids 71.1 (2006): 77-82. | W100: Monsalve, Leandro N., et al. "An efficient enzymatic preparation of 20-pregnane succinates: chemoenzymatic synthesis of 20β-hemisuccinyloxy-5αH-pregnan-3-one." Tetrahedron 64.8 (2008): 1721-1730. | X100: this work
...

Sheet A1 = fluorenone
B1: Starting amount [mmol] | E1: Endpoint ratio (from 1H-NMR integration) | O1: confidence interval | Q1: ΔΔG [kcal/mol]
A2: A2 | B2: A1 | C2: A2 | D2: NaBH4 | E2: A1 | F2: A2 | G2: alcohol1 | H2: alcohol2 | I2: [A1]f / [A1]0 | J2: [A2]f / [A2]0 | K2: -ln([A1]f / [A1]0) | L2: -ln([A2]f / [A2]0) | M2: LINEST analysis | O2: ± 1σ | P2: % | Q2: value | R2: ±68% (1σ) | S2: note
A3: 1-chloropinacolin | B3: 0.2 | C3: 0.2 | D3: 0.04 | E3: 1 | F3: 0.52 | G3: 0.17 | H3: 0.619 | I3: =E3/(E3+G3) -> 0.85470085 | J3: =F3/(F3+H3) -> 0.45654083 | K3: =-LN(I3) -> 0.15700375 | L3: =-LN(J3) -> 0.78407715 | M3: {=LINEST(L3:L5,K3:K5,FALSE,TRUE)} -> 4.7967195 | N3: 0 | O3: =TINV(0.32,N6)*M4 -> 0.12340848 | P3: =O3*100/M3 -> 2.5727684 | Q3: =-1.99*273*LN(M3)/1000 -> -0.85181055 | R3: =ABS(1.99*273*O3/M3/1000) -> 0.013977079
B4: 0.2 | C4: 0.2 | D4: 0.08 | E4: 1 | F4: 0.448 | G4: 0.223 | H4: 0.726 | I4: =E4/(E4+G4) -> 0.81766149 | J4: =F4/(F4+H4) -> 0.38160136 | K4: =-LN(I4) -> 0.20130686 | L4: =-LN(J4) -> 0.96337877 | M4: 0.094091574 | N4: #N/A
B5: 0.2 | C5: 0.2 | D5: 0.12 | E5: 1 | F5: 0.53 | G5: 0.183 | H5: 0.626 | I5: =E5/(E5+G5) -> 0.84530854 | J5: =F5/(F5+H5) -> 0.45847751 | K5: =-LN(I5) -> 0.16805358 | L5: =-LN(J5) -> 0.77984404 | M5: 0.99923103 | N5: 0.028758276
M6: 2598.8857 | N6: 2
M7: 2.1493783 | N7: 0.0016540768
A8: 2,2,2-trifluoroacetophenone | B8: 0.2 | C8: 0.2 | D8: 0.04 | E8: 1.544 | F8: 1 | G8: 0.606 | H8: 1.15 | I8: =E8/(E8+G8) -> 0.71813953 | J8: =F8/(F8+H8) -> 0.46511628 | K8: =-LN(I8) -> 0.33109139 | L8: =-LN(J8) -> 0.76546784 | M8: {=LINEST(L8:L10,K8:K10,FALSE,TRUE)} -> 2.8942211 | N8: 0 | O8: =TINV(0.32,N11)*M9 -> 0.33233658 | P8: =O8*100/M8 -> 11.482764 | Q8: =-1.99*273*LN(M8)/1000 -> -0.57734173 | R8: =ABS(1.99*273*O8/M8/1000) -> 0.062382414
B9: 0.2 | C9: 0.2 | D9: 0.08 | E9: 2.045 | F9: 1 | G9: 1.111 | H9: 2.156 | I9: =E9/(E9+G9) -> 0.64797212 | J9: =F9/(F9+H9) -> 0.31685678 | K9: =-LN(I9) -> 0.43390761 | L9: =-LN(J9) -> 1.1493054 | M9: 0.25338673 | N9: #N/A
B10: 0.2 | C10: 0.2 | D10: 0.12 | E10: 3.692 | F10: 1 | G10: 2.977 | H10: 5.669 | I10: =E10/(E10+G10) -> 0.55360624 | J10: =F10/(F10+H10) -> 0.14994752 | K10: =-LN(I10) -> 0.59130161 | L10: =-LN(J10) -> 1.8974699 | M10: 0.98490173 | N10: 0.20389917
M11: 130.46549 | N11: 2
M12: 5.4240863 | N12: 0.083149746
A13: 1,4-Cyclohexanedion monoethyleneketal | B13: 0.2 | C13: 0.2 | D13: 0.02 | E13: 1 | F13: =3.5536/4 -> 0.8884 | G13: 0.0776 | H13: 0.2142 | I13: =E13/(E13+G13) -> 0.92798812 | J13: =F13/(F13+H13) -> 0.80573191 | K13: =-LN(I13) -> 0.074736346 | L13: =-LN(J13) -> 0.21600421 | M13: {=LINEST(L13:L16,K13:K16,FALSE,TRUE)} -> 2.5914183 | N13: 0 | O13: =TINV(0.32,N16)*M14 -> 0.042934292 | P13: =O13*100/M13 -> 1.6567874 | Q13: =-1.99*273*LN(M13)/1000 -> -0.51730459 | R13: =ABS(1.99*273*O13/M13/1000) -> 0.0090008289
A14: dibenzosuberone-2 | B14: 0.2 | C14: 0.2 | D14: 0.04 | E14: 1 | F14: =3.0628/4 -> 0.7657 | G14: 0.1637 | H14: 0.3793 | I14: =E14/(E14+G14) -> 0.85932801 | J14: =F14/(F14+H14) -> 0.66873362 | K14: =-LN(I14) -> 0.15160458 | L14: =-LN(J14) -> 0.40236947 | M14: 0.036111748 | N14: #N/A
A15: dibenzosuberone-3 | B15: 0.2 | C15: 0.2 | D15: 0.06 | E15: 1 | F15: =2.5441/4 -> 0.636025 | G15: 0.2557 | H15: 0.5149 | I15: =E15/(E15+G15) -> 0.79636856 | J15: =F15/(F15+H15) -> 0.55262072 | K15: =-LN(I15) -> 0.22769319 | L15: =-LN(J15) -> 0.59308338 | M15: 0.99941778 | N15: 0.015632222
B16: 0.2 | C16: 0.2 | D16: 0.08 | E16: 1 | F16: =2.149/4 -> 0.53725 | G16: 0.3869 | H16: 0.7022 | I16: =E16/(E16+G16) -> 0.72103252 | J16: =F16/(F16+H16) -> 0.43345839 | K16: =-LN(I16) -> 0.32707104 | L16: =-LN(J16) -> 0.83595948 | M16: 5149.6535 | N16: 3
M17: 1.258402 | N17: 0.00073309906
A18: 2-methylcyclohexanone | B18: 0.2 | C18: 0.2 | D18: 0.02 | E18: 1 | F18: =1.43/3 -> 0.47666667 | G18: 0.14 | H18: =0.0378+0.0717 -> 0.1095 | I18: =E18/(E18+G18) -> 0.87719298 | J18: =F18/(F18+H18) -> 0.81319306 | K18: =-LN(I18) -> 0.13102826 | L18: =-LN(J18) -> 0.20678673 | M18: {=LINEST(L18:L21,K18:K21,FALSE,TRUE)} -> 2.0371578 | N18: 0 | O18: =TINV(0.32,N21)*M19 -> 0.14602393 | P18: =O18*100/M18 -> 7.1680224 | Q18: =-1.99*273*LN(M18)/1000 -> -0.38656682 | R18: =ABS(1.99*273*O18/M18/1000) -> 0.038941715
A19: dibenzosuberone-2 | B19: 0.2 | C19: 0.2 | D19: 0.04 | E19: 1 | F19: =1.04/3 -> 0.34666667 | G19: 0.217 | H19: =0.0512+0.0952 -> 0.1464 | I19: =E19/(E19+G19) -> 0.82169269 | J19: =F19/(F19+H19) -> 0.70308275 | K19: =-LN(I19) -> 0.19638881 | L19: =-LN(J19) -> 0.35228069 | M19: 0.12281976 | N19: #N/A
A20: dibenzosuberone-3 | B20: 0.2 | C20: 0.2 | D20: 0.06 | E20: 1 | F20: =0.7907/3 -> 0.26356667 | G20: 0.2689 | H20: =0.0596+0.1144 -> 0.174 | I20: =E20/(E20+G20) -> 0.78808417 | J20: =F20/(F20+H20) -> 0.60234631 | K20: =-LN(I20) -> 0.23815038 | L20: =-LN(J20) -> 0.50692273 | M20: 0.98921306 | N20: 0.052855666
B21: 0.2 | C21: 0.2 | D21: 0.08 | E21: 1 | F21: =0.6882/3 -> 0.2294 | G21: 0.3096 | H21: =0.0653+0.1209 -> 0.1862 | I21: =E21/(E21+G21) -> 0.76359194 | J21: =F21/(F21+H21) -> 0.55197305 | K21: =-LN(I21) -> 0.26972175 | L21: =-LN(J21) -> 0.59425605 | M21: 275.11411 | N21: 3
M22: 0.76859219 | N22: 0.0083811643
A23: 2-methylcyclohexanone(trans) | M23: =M18*2*0.1209/(0.0653+0.1209) -> 2.6454606 | O23: =O18*2*0.25/(0.24+0.25) -> 0.14900401 | P23: =O18*100/M18 -> 7.1680224 | Q23: =-1.99*273*LN(M23)/1000 -> -0.52851761 | R23: =ABS(1.99*273*O23/M23/1000) -> 0.030599363
A24: 2-methylcyclohexanone(cis) | M24: =M18*2*0.0653/(0.0653+0.1209) -> 1.4288551 | O24: =O18*2*0.24/(0.24+0.25) -> 0.14304385 | P24: =O18*100/M18 -> 7.1680224 | Q24: =-1.99*273*LN(M24)/1000 -> -0.19387865 | R24: =ABS(1.99*273*O24/M24/1000) -> 0.054387204
A25: Benzoylacetonitrile | B25: 0.2 | C25: 0.2 | D25: 0.02 | E25: =(6.4886-2)/4 -> 1.12215 | F25: 1 | G25: 0.0657 | H25: 0.1391 | I25: =E25/(E25+G25) -> 0.94468999 | J25: =F25/(F25+H25) -> 0.87788605 | K25: =-LN(I25) -> 0.056898462 | L25: =-LN(J25) -> 0.13023848 | M25: {=LINEST(L25:L28,K25:K28,FALSE,TRUE)} -> 1.9529748 | N25: 0 | O25: =TINV(0.32,N28)*M26 -> 0.051629322 | P25: =O25*100/M25 -> 2.6436246 | Q25: =-1.99*273*LN(M25)/1000 -> -0.3636398 | R25: =ABS(1.99*273*O25/M25/1000) -> 0.014362019
A26: dibenzosuberone-2 | B26: 0.2 | C26: 0.2 | D26: 0.04 | E26: =(6.589-2)/4 -> 1.14725 | F26: 1 | G26: 0.1526 | H26: 0.2746 | I26: =E26/(E26+G26) -> 0.88260184 | J26: =F26/(F26+H26) -> 0.78455986 | K26: =-LN(I26) -> 0.1248811 | L26: =-LN(J26) -> 0.2426324 | M26: 0.04342508 | N26: #N/A
A27: dibenzosuberone-3 | B27: 0.2 | C27: 0.2 | D27: 0.06 | E27: =(7.0095-2)/4 -> 1.252375 | F27: 1 | G27: 0.2441 | H27: 0.399 | I27: =E27/(E27+G27) -> 0.83688334 | J27: =F27/(F27+H27) -> 0.71479628 | K27: =-LN(I27) -> 0.17807059 | L27: =-LN(J27) -> 0.3357577 | M27: 0.99851896 | N27: 0.013457865
B28: 0.2 | C28: 0.2 | D28: 0.08 | E28: =(7.3278-2)/4 -> 1.33195 | F28: 1 | G28: 0.3167 | H28: 0.5254 | I28: =E28/(E28+G28) -> 0.80790344 | J28: =F28/(F28+H28) -> 0.65556575 | K28: =-LN(I28) -> 0.21331274 | L28: =-LN(J28) -> 0.42225667 | M28: 2022.6093 | N28: 3
M29: 0.36632313 | N29: 0.00054334239
A30: Isopherone Oxide | B30: 0.2 | C30: 0.2 | D30: 0.02 | E30: 1 | F30: 0.8168 | G30: 0.1244 | H30: =0.1856+0.0269 -> 0.2125 | I30: =E30/(E30+G30) -> 0.88936322 | J30: =F30/(F30+H30) -> 0.79354901 | K30: =-LN(I30) -> 0.11724956 | L30: =-LN(J30) -> 0.23123997 | M30: {=LINEST(L30:L32,K30:K32,FALSE,TRUE)} -> 1.9395529 | N30: 0 | O30: =TINV(0.32,N33)*M31 -> 0.0094531866 | P30: =O30*100/M30 -> 0.48738998 | Q30: =-1.99*273*LN(M30)/1000 -> -0.35989329 | R30: =ABS(1.99*273*O30/M30/1000) -> 0.0026478435
A31: dibenzosuberone-2 | B31: 0.2 | C31: 0.2 | D31: 0.04 | E31: 1 | F31: 0.7608 | G31: 0.2427 | H31: =0.3486+0.049 -> 0.3976 | I31: =E31/(E31+G31) -> 0.80469944 | J31: =F31/(F31+H31) -> 0.65676796 | K31: =-LN(I31) -> 0.21728643 | L31: =-LN(J31) -> 0.42042451 | M31: 0.0072074883 | N31: #N/A
A32: dibenzosuberone-3 | B32: 0.2 | C32: 0.2 | D32: 0.06 | E32: 1 | F32: 0.698 | G32: 0.3616 | H32: =0.5015+0.0697 -> 0.5712 | I32: =E32/(E32+G32) -> 0.73443008 | J32: =F32/(F32+H32) -> 0.54995273 | K32: =-LN(I32) -> 0.30866048 | L32: =-LN(J32) -> 0.59792296 | M32: 0.99997238 | N32: 0.0028488471
B33: 0.2 | C33: 0.2 | D33: 0.08 | E33: 1 | M33: 72416.14 | N33: 2
M34: 0.58772432 | N34: 1.623186e-05
A35: Isopherone Oxide(trans) | M35: =M30*2*0.5015/(0.5015+0.0697) -> 3.4057626 | O35: =O30*2*0.25/(0.24+0.25) -> 0.0096461087 | P35: =O30*100/M30 -> 0.48738998 | Q35: =-1.99*273*LN(M35)/1000 -> -0.66576048 | R35: =ABS(1.99*273*O35/M35/1000) -> 0.0015386984
A36: Isopherone Oxide(cis) | M36: =M30*2*0.0697/(0.5015+0.0697) -> 0.47334327 | O36: =O30*2*0.24/(0.24+0.25) -> 0.0092602644 | P36: =O30*100/M30 -> 0.48738998 | Q36: =-1.99*273*LN(M36)/1000 -> 0.40633033 | R36: =ABS(1.99*273*O36/M36/1000) -> 0.010628278
A37: 4,4-dimethylcyclohexanone | B37: 0.2 | C37: 0.2 | D37: 0.04 | E37: 1 | F37: 0.69 | G37: 0.36 | H37: 0.57 | I37: =E37/(E37+G37) -> 0.73529412 | J37: =F37/(F37+H37) -> 0.54761905 | K37: =-LN(I37) -> 0.3074847 | L37: =-LN(J37) -> 0.6021754 | M37: {=LINEST(L37:L39,K37:K39,FALSE,TRUE)} -> 1.9138413 | N37: 0 | O37: =TINV(0.32,N40)*M38 -> 0.051035312 | P37: =O37*100/M37 -> 2.6666429 | Q37: =-1.99*273*LN(M37)/1000 -> -0.35264328 | R37: =ABS(1.99*273*O37/M37/1000) -> 0.014487071
B38: 0.2 | C38: 0.2 | D38: 0.08 | E38: 1 | F38: 0.6 | G38: 0.71 | H38: 0.99 | I38: =E38/(E38+G38) -> 0.58479532 | J38: =F38/(F38+H38) -> 0.37735849 | K38: =-LN(I38) -> 0.53649337 | L38: =-LN(J38) -> 0.97455964 | M38: 0.038911368 | N38: #N/A
B39: 0.2 | C39: 0.2 | D39: 0.12 | E39: 1 | F39: 0.4 | G39: 1.46 | H39: 1.9 | I39: =E39/(E39+G39) -> 0.40650407 | J39: =F39/(F39+H39) -> 0.17391304 | K39: =-LN(I39) -> 0.90016135 | L39: =-LN(J39) -> 1.7491999 | M39: 0.99917394 | N39: 0.042494749
M40: 2419.128 | N40: 2
M41: 4.3684702 | N41: 0.0036116074
A42: 2-indanone | B42: 0.2 | C42: 0.2 | D42: 0.04 | E42: 1 | F42: 0.71 | G42: 0.35 | H42: 0.41 | I42: =E42/(E42+G42) -> 0.74074074 | J42: =F42/(F42+H42) -> 0.63392857 | K42: =-LN(I42) -> 0.30010459 | L42: =-LN(J42) -> 0.45581899 | M42: {=LINEST(L42:L44,K42:K44,FALSE,TRUE)} -> 1.9132248 | N42: 0 | O42: =TINV(0.32,N45)*M43 -> 0.1165609 | P42: =O42*100/M42 -> 6.0923788 | Q42: =-1.99*273*LN(M42)/1000 -> -0.35246825 | R42: =ABS(1.99*273*O42/M42/1000) -> 0.033098067
B43: 0.2 | C43: 0.2 | D43: 0.08 | E43: 1 | F43: 0.52 | G43: 0.79 | H43: 0.93 | I43: =E43/(E43+G43) -> 0.55865922 | J43: =F43/(F43+H43) -> 0.35862069 | K43: =-LN(I43) -> 0.58221562 | L43: =-LN(J43) -> 1.02549 | M43: 0.088870704 | N43: #N/A
B44: 0.2 | C44: 0.2 | D44: 0.12 | E44: 1 | F44: 0.29 | G44: 2.15 | H44: 2.52 | I44: =E44/(E44+G44) -> 0.31746032 | J44: =F44/(F44+H44) -> 0.10320285 | K44: =-LN(I44) -> 1.1474025 | L44: =-LN(J44) -> 2.2710588 | M44: 0.9957032 | N44: 0.117416
M45: 463.46267 | N45: 2
M46: 6.389536 | N46: 0.027573034
A47: 4-tert-butylcyclohexanone | B47: 0.2 | C47: 0.2 | D47: 0.02 | E47: 1 | F47: 1 | G47: 0.056 | H47: 0.111 | I47: =E47/(E47+G47) -> 0.9469697 | J47: =F47/(F47+H47) -> 0.90009001 | K47: =-LN(I47) -> 0.054488185 | L47: =-LN(J47) -> 0.10526051 | M47: {=LINEST(L47:L51,K47:K51,FALSE,TRUE)} -> 1.7049044 | N47: 0 | O47: =TINV(0.32,N50)*M48 -> 0.017195846 | P47: =O47*100/M47 -> 1.0086105 | Q47: =-1.99*273*LN(M47)/1000 -> -0.28983946 | R47: =ABS(1.99*273*O47/M47/1000) -> 0.0054794785
B48: 0.2 | C48: 0.2 | D48: 0.04 | E48: 1 | F48: 0.97 | G48: 0.11 | H48: 0.187 | I48: =E48/(E48+G48) -> 0.9009009 | J48: =F48/(F48+H48) -> 0.83837511 | K48: =-LN(I48) -> 0.10436002 | L48: =-LN(J48) -> 0.17628966 | M48: 0.015158583 | N48: #N/A
B49: 0.2 | C49: 0.2 | D49: 0.06 | E49: 1 | F49: 0.86 | G49: 0.341 | H49: 0.547 | I49: =E49/(E49+G49) -> 0.74571216 | J49: =F49/(F49+H49) -> 0.61122957 | K49: =-LN(I49) -> 0.2934156 | L49: =-LN(J49) -> 0.49228267 | M49: 0.99968389 | N49: 0.014565039
B50: 0.2 | C50: 0.2 | D50: 0.08 | E50: 1 | F50: 0.79 | G50: 0.568 | H50: 0.876 | I50: =E50/(E50+G50) -> 0.6377551 | J50: =F50/(F50+H50) -> 0.47418968 | K50: =-LN(I50) -> 0.44980092 | L50: =-LN(J50) -> 0.74614788 | M50: 12649.777 | N50: 4
B51: 0.2 | C51: 0.2 | D51: 0.1 | E51: 1 | F51: 0.628 | G51: 1.199 | H51: 1.813 | I51: =E51/(E51+G51) -> 0.45475216 | J51: =F51/(F51+H51) -> 0.25727161 | K51: =-LN(I51) -> 0.78800271 | L51: =-LN(J51) -> 1.3576229 | M51: 2.6835281 | N51: 0.00084856141
A52: 4-tert-butylcyclohexanone (trans) | M52: =M47*2*1.423/(0.39+1.423) -> 2.6763144 | O52: =O47*2*1.423/(0.39+1.423) -> 0.026993589 | P52: =O47*100/M47 -> 1.0086105 | Q52: =-1.99*273*LN(M52)/1000 -> -0.53481706 | R52: =ABS(1.99*273*O52/M52/1000) -> 0.0054794785
A53: 4-tert-butylcyclohexanone (cis) | M53: =M47*2*0.39/(0.39+1.423) -> 0.73349446 | O53: =O47*2*0.39/(0.39+1.423) -> 0.0073981024 | P53: =O47*100/M47 -> 1.0086105 | Q53: =-1.99*273*LN(M53)/1000 -> 0.16837852 | R53: =ABS(1.99*273*O53/M53/1000) -> 0.0054794785
A54: 4'-nitroacetophenone | B54: 0.2 | C54: 0.2 | D54: 0.04 | E54: 1 | F54: 0.87 | G54: 0.36 | H54: 0.52 | I54: =E54/(E54+G54) -> 0.73529412 | J54: =F54/(F54+H54) -> 0.62589928 | K54: =-LN(I54) -> 0.3074847 | L54: =-LN(J54) -> 0.46856581 | M54: {=LINEST(L54:L56,K54:K56,FALSE,TRUE)} -> 1.6411295 | N54: 0 | O54: =TINV(0.32,N57)*M55 -> 0.03623383 | P54: =O54*100/M54 -> 2.2078593 | Q54: =-1.99*273*LN(M54)/1000 -> -0.26912766 | R54: =ABS(1.99*273*O54/M54/1000) -> 0.011994637
B55: 0.2 | C55: 0.2 | D55: 0.08 | E55: 1 | F55: 0.67 | G55: 0.85 | H55: 1.2 | I55: =E55/(E55+G55) -> 0.54054054 | J55: =F55/(F55+H55) -> 0.35828877 | K55: =-LN(I55) -> 0.61518564 | L55: =-LN(J55) -> 1.026416 | M55: 0.027626125 | N55: #N/A
B56: 0.2 | C56: 0.2 | D56: 0.12 | E56: 1 | F56: 0.62 | G56: 1.12 | H56: 1.51 | I56: =E56/(E56+G56) -> 0.47169811 | J56: =F56/(F56+H56) -> 0.29107981 | K56: =-LN(I56) -> 0.75141609 | L56: =-LN(J56) -> 1.2341578 | M56: 0.99943358 | N56: 0.028141061
M57: 3528.9522 | N57: 2
M58: 2.7946453 | N58: 0.0015838386
A59: 3-methylcyclohexanone | B59: 0.2 | C59: 0.2 | D59: 0.04 | E59: 1 | F59: 0.78 | G59: 0.39 | H59: 0.47 | I59: =E59/(E59+G59) -> 0.71942446 | J59: =F59/(F59+H59) -> 0.624 | K59: =-LN(I59) -> 0.32930375 | L59: =-LN(J59) -> 0.47160491 | M59: {=LINEST(L59:L61,K59:K61,FALSE,TRUE)} -> 1.2771192 | N59: 0 | O59: =TINV(0.32,N62)*M60 -> 0.040681767 | P59: =O59*100/M59 -> 3.1854323 | Q59: =-1.99*273*LN(M59)/1000 -> -0.1328876 | R59: =ABS(1.99*273*O59/M59/1000) -> 0.017305498
B60: 0.2 | C60: 0.2 | D60: 0.08 | E60: 1 | F60: 0.85 | G60: 1.07 | H60: 1.24 | I60: =E60/(E60+G60) -> 0.48309179 | J60: =F60/(F60+H60) -> 0.40669856 | K60: =-LN(I60) -> 0.72754861 | L60: =-LN(J60) -> 0.899683 | M60: 0.03101741 | N60: #N/A
B61: 0.2 | C61: 0.2 | D61: 0.12 | E61: 1 | F61: 0.64 | G61: 1.96 | H61: 1.93 | I61: =E61/(E61+G61) -> 0.33783784 | J61: =F61/(F61+H61) -> 0.24902724 | K61: =-LN(I61) -> 1.0851893 | L61: =-LN(J61) -> 1.390193 | M61: 0.99882167 | N61: 0.041791902
M62: 1695.3205 | N62: 2
M63: 2.9609841 | N63: 0.0034931261
A64: 3-methylcyclohexanone (cis) | M64: =M59*2*1.45/(1.45+0.48) -> 1.9189874 | O64: =O59*2*1.45/(1.45+0.48) -> 0.061128044 | P64: =O59*100/M59 -> 3.1854323 | Q64: =-1.99*273*LN(M64)/1000 -> -0.35410211 | R64: =ABS(1.99*273*O64/M64/1000) -> 0.017305498
A65: 3-methylcyclohexanone (trans) | M65: =M59*2*0.48/(1.45+0.48) -> 0.635251 | O65: =O59*2*0.48/(1.45+0.48) -> 0.02023549 | P65: =O59*100/M59 -> 3.1854323 | Q65: =-1.99*273*LN(M65)/1000 -> 0.24650066 | R65: =ABS(1.99*273*O65/M65/1000) -> 0.017305498
A66: 4-phenyl-3-butyn-2-one | B66: 0.2 | C66: 0.2 | D66: 0.04 | E66: 1 | F66: 0.71 | G66: 0.4 | H66: 0.36 | I66: =E66/(E66+G66) -> 0.71428571 | J66: =F66/(F66+H66) -> 0.6635514 | K66: =-LN(I66) -> 0.33647224 | L66: =-LN(J66) -> 0.41014896 | M66: {=LINEST(L66:L68,K66:K68,FALSE,TRUE)} -> 1.1112365 | N66: 0 | O66: =TINV(0.32,N69)*M67 -> 0.030518319 | P66: =O66*100/M66 -> 2.7463388 | Q66: =-1.99*273*LN(M66)/1000 -> -0.057300518 | R66: =ABS(1.99*273*O66/M66/1000) -> 0.014920035
B67: 0.2 | C67: 0.2 | D67: 0.08 | E67: 1 | F67: 0.68 | G67: 0.65 | H67: 0.57 | I67: =E67/(E67+G67) -> 0.60606061 | J67: =F67/(F67+H67) -> 0.544 | K67: =-LN(I67) -> 0.50077529 | L67: =-LN(J67) -> 0.60880603 | M67: 0.02326839 | N67: #N/A
B68: 0.2 | C68: 0.2 | D68: 0.12 | E68: 1 | F68: 0.63 | G68: 5.92 | H68: 4.67 | I68: =E68/(E68+G68) -> 0.14450867 | J68: =F68/(F68+H68) -> 0.11886792 | K68: =-LN(I68) -> 1.9344158 | L68: =-LN(J68) -> 2.1297423 | M68: 0.99912387 | N68: 0.047149095
M69: 2280.7639 | N69: 2
M70: 5.0702231 | N70: 0.0044460744
A71: 3'-nitroacetophenone | B71: 0.2 | C71: 0.2 | D71: 0.04 | E71: 0.958 | F71: 0.906 | G71: 0.152 | H71: 0.172 | I71: =E71/(E71+G71) -> 0.86306306 | J71: =F71/(F71+H71) -> 0.84044527 | K71: =-LN(I71) -> 0.14726752 | L71: =-LN(J71) -> 0.17382345 | M71: {=LINEST(L71:L73,K71:K73,FALSE,TRUE)} -> 1.087831 | N71: 0 | O71: =TINV(0.32,N74)*M72 -> 0.017234318 | P71: =O71*100/M71 -> 1.5842827 | Q71: =-1.99*273*LN(M71)/1000 -> -0.045735601 | R71: =ABS(1.99*273*O71/M71/1000) -> 0.0086069326
B72: 0.2 | C72: 0.2 | D72: 0.06 | E72: 0.897 | F72: 0.837 | G72: 0.394 | H72: 0.413 | I72: =E72/(E72+G72) -> 0.69481022 | J72: =F72/(F72+H72) -> 0.6696 | K72: =-LN(I72) -> 0.36411653 | L72: =-LN(J72) -> 0.40107476 | M72: 0.013140134 | N72: #N/A
B73: 0.2 | C73: 0.2 | D73: 0.08 | E73: 0.785 | F73: 0.716 | G73: 0.845 | H73: 0.861 | I73: =E73/(E73+G73) -> 0.48159509 | J73: =F73/(F73+H73) -> 0.45402663 | K73: =-LN(I73) -> 0.73065158 | L73: =-LN(J73) -> 0.78959942 | M73: 0.99970827 | N73: 0.010900138
M74: 6853.6703 | N74: 2
M75: 0.81430517 | N75: 0.00023762601
A76: 2-tetralone | B76: 0.2 | C76: 0.2 | D76: 0.04 | E76: 1 | F76: 1.08 | G76: 0.46 | H76: 0.46 | I76: =E76/(E76+G76) -> 0.68493151 | J76: =F76/(F76+H76) -> 0.7012987 | K76: =-LN(I76) -> 0.37843644 | L76: =-LN(J76) -> 0.35482138 | M76: {=LINEST(L76:L78,K76:K78,FALSE,TRUE)} -> 0.95721835 | N76: 0 | O76: =TINV(0.32,N79)*M77 -> 0.010295296 | P76: =O76*100/M76 -> 1.0755431 | Q76: =-1.99*273*LN(M76)/1000 -> 0.023753801 | R76: =ABS(1.99*273*O76/M76/1000) -> 0.0058431032
B77: 0.2 | C77: 0.2 | D77: 0.08 | E77: 1 | F77: 1.03 | G77: 1.31 | H77: 1.32 | I77: =E77/(E77+G77) -> 0.43290043 | J77: =F77/(F77+H77) -> 0.43829787 | K77: =-LN(I77) -> 0.83724752 | L77: =-LN(J77) -> 0.82485653 | M77: 0.0078495465 | N77: #N/A
B78: 0.2 | C78: 0.2 | D78: 0.12 | E78: 1 | F78: 1.15 | G78: 7.46 | H78: 7.66 | I78: =E78/(E78+G78) -> 0.11820331 | J78: =F78/(F78+H78) -> 0.13053348 | K78: =-LN(I78) -> 2.1353492 | L78: =-LN(J78) -> 2.0361255 | M78: 0.99986553 | N78: 0.018247306
M79: 14870.751 | N79: 2
M80: 4.9514276 | N80: 0.00066592839
A81: 2-adamantanone | B81: 0.2 | C81: 0.2 | D81: 0.04 | E81: 1 | F81: 1.83 | G81: 0.27 | H81: 0.26 | I81: =E81/(E81+G81) -> 0.78740157 | J81: =F81/(F81+H81) -> 0.87559809 | K81: =-LN(I81) -> 0.2390169 | L81: =-LN(J81) -> 0.1328481 | M81: {=LINEST(L81:L83,K81:K83,FALSE,TRUE)} -> 0.61273587 | N81: 0 | O81: =TINV(0.32,N84)*M82 -> 0.03435376 | P81: =O81*100/M81 -> 5.6066181 | Q81: =-1.99*273*LN(M81)/1000 -> 0.26610523 | R81: =ABS(1.99*273*O81/M81/1000) -> 0.030459074
B82: 0.2 | C82: 0.2 | D82: 0.08 | E82: 1 | F82: 1.25 | G82: 0.34 | H82: 0.24 | I82: =E82/(E82+G82) -> 0.74626866 | J82: =F82/(F82+H82) -> 0.83892617 | K82: =-LN(I82) -> 0.29266961 | L82: =-LN(J82) -> 0.17563257 | M82: 0.026192684 | N82: #N/A
B83: 0.2 | C83: 0.2 | D83: 0.12 | E83: 1 | F83: 1.12 | G83: 0.41 | H83: 0.28 | I83: =E83/(E83+G83) -> 0.70921986 | J83: =F83/(F83+H83) -> 0.8 | K83: =-LN(I83) -> 0.3435897 | L83: =-LN(J83) -> 0.22314355 | M83: 0.99635868 | N83: 0.013377218
M84: 547.25105 | N84: 2
M85: 0.097930561 | N85: 0.00035789995
A86: 4-phenyl-2-butanone | B86: 0.2 | C86: 0.2 | D86: 0.02 | E86: 1 | F86: 1.255 | G86: 0.28 | H86: 0.12 | I86: =E86/(E86+G86) -> 0.78125 | J86: =F86/(F86+H86) -> 0.91272727 | K86: =-LN(I86) -> 0.24686008 | L86: =-LN(J86) -> 0.091318159 | M86: {=LINEST(L86:L90,K86:K90,FALSE,TRUE)} -> 0.32561589 | N86: 0 | O86: =TINV(0.32,N89)*M87 -> 0.0071055175 | P86: =O86*100/M86 -> 2.1821778 | Q86: =-1.99*273*LN(M86)/1000 -> 0.60956896 | R86: =ABS(1.99*273*O86/M86/1000) -> 0.011855117
B87: 0.2 | C87: 0.2 | D87: 0.04 | E87: 1 | F87: 1.5 | G87: 0.73 | H87: 0.32 | I87: =E87/(E87+G87) -> 0.57803468 | J87: =F87/(F87+H87) -> 0.82417582 | K87: =-LN(I87) -> 0.54812141 | L87: =-LN(J87) -> 0.19337139 | M87: 0.0062636976 | N87: #N/A
B88: 0.2 | C88: 0.2 | D88: 0.06 | E88: 1 | F88: 1.805 | G88: 1.39 | H88: 0.63 | I88: =E88/(E88+G88) -> 0.41841004 | J88: =F88/(F88+H88) -> 0.7412731 | K88: =-LN(I88) -> 0.87129337 | L88: =-LN(J88) -> 0.29938616 | M88: 0.99852202 | N88: 0.018456147
B89: 0.2 | C89: 0.2 | D89: 0.08 | E89: 1 | F89: 2.755 | G89: 3.38 | H89: 1.78 | I89: =E89/(E89+G89) -> 0.2283105 | J89: =F89/(F89+H89) -> 0.60749724 | K89: =-LN(I89) -> 1.4770487 | L89: =-LN(J89) -> 0.49840764 | M89: 2702.3998 | N89: 4
B90: 0.2 | C90: 0.2 | D90: 0.1 | E90: 1 | F90: 4.85 | G90: 9.17 | H90: 5.25 | I90: =E90/(E90+G90) -> 0.098328417 | J90: =F90/(F90+H90) -> 0.48019802 | K90: =-LN(I90) -> 2.3194422 | L90: =-LN(J90) -> 0.73355672 | M90: 0.9205167 | N90: 0.0013625174
A91: 3,3,5-trimethylcyclohexanone | B91: 0.2 | C91: 0.2 | D91: 0.02 | E91: 1 | F91: 1.04 | G91: 1.16 | H91: 0.295 | I91: =E91/(E91+G91) -> 0.46296296 | J91: =F91/(F91+H91) -> 0.77902622 | K91: =-LN(I91) -> 0.77010822 | L91: =-LN(J91) -> 0.24971058 | M91: {=LINEST(L91:L93,K91:K93,FALSE,TRUE)} -> 0.27666194 | N91: 0 | O91: =TINV(0.32,N94)*M92 -> 0.035492095 | P91: =O91*100/M91 -> 12.828687 | Q91: =-1.99*273*LN(M91)/1000 -> 0.69807966 | R91: =ABS(1.99*273*O91/M91/1000) -> 0.069694411
B92: 0.2 | C92: 0.2 | D92: 0.04 | E92: 1 | F92: 0.65 | G92: 2.07 | H92: 0.28 | I92: =E92/(E92+G92) -> 0.3257329 | J92: =F92/(F92+H92) -> 0.69892473 | K92: =-LN(I92) -> 1.1216776 | L92: =-LN(J92) -> 0.35821222 | M92: 0.027060596 | N92: #N/A
B93: 0.2 | C93: 0.2 | D93: 0.06 | E93: 1 | F93: 2.01 | G93: 3.83 | H93: 0.94 | I93: =E93/(E93+G93) -> 0.20703934 | J93: =F93/(F93+H93) -> 0.68135593 | K93: =-LN(I93) -> 1.5748465 | L93: =-LN(J93) -> 0.38367045 | M93: 0.98122523 | N93: 0.056318351
M94: 104.52595 | N94: 2
M95: 0.33153087 | N95: 0.0063435134
A96: 3,3,5-trimethylcyclohexanone(trans) | M96: =M91*2*0.72/(0.22+0.72) -> 0.42382254 | O96: =O91*2*0.72/(0.22+0.72) -> 0.054370869 | P96: =O91*100/M91 -> 12.828687 | Q96: =-1.99*273*LN(M96)/1000 -> 0.46636494 | R96: =ABS(1.99*273*O96/M96/1000) -> 0.069694411
A97: 3,3,5-trimethylcyclohexanone(cis) | M97: =M91*2*0.22/(0.22+0.72) -> 0.12950133 | O97: =O91*2*0.22/(0.22+0.72) -> 0.016613321 | P97: =O91*100/M91 -> 12.828687 | Q97: =-1.99*273*LN(M97)/1000 -> 1.1104787 | R97: =ABS(1.99*273*O97/M97/1000) -> 0.069694411
A98: 1-cyclopentylethanone | B98: 0.2 | C98: 0.2 | D98: 0.04 | E98: 1 | F98: 1.106 | G98: 0.875 | H98: 0.188 | I98: =E98/(E98+G98) -> 0.53333333 | J98: =F98/(F98+H98) -> 0.85471406 | K98: =-LN(I98) -> 0.62860866 | L98: =-LN(J98) -> 0.15698829 | M98: {=LINEST(L98:L100,K98:K100,FALSE,TRUE)} -> 0.23556715 | N98: 0 | O98: =TINV(0.32,N101)*M99 -> 0.0073493819 | P98: =O98*100/M98 -> 3.119867 | Q98: =-1.99*273*LN(M98)/1000 -> 0.78543763 | R98: =ABS(1.99*273*O98/M98/1000) -> 0.016949302
B99: 0.2 | C99: 0.2 | D99: 0.08 | E99: 1 | F99: 1.685 | G99: 1.782 | H99: 0.435 | I99: =E99/(E99+G99) -> 0.35945363 | J99: =F99/(F99+H99) -> 0.79481132 | K99: =-LN(I99) -> 1.0231701 | L99: =-LN(J99) -> 0.22965052 | M99: 0.0056034633 | N99: #N/A
B100: 0.2 | C100: 0.2 | D100: 0.12 | E100: 1 | F100: 2.009 | G100: 3.336 | H100: 0.841 | I100: =E100/(E100+G100) -> 0.23062731 | J100: =F100/(F100+H100) -> 0.70491228 | K100: =-LN(I100) -> 1.4669523 | L100: =-LN(J100) -> 0.34968191 | M100: 0.99886963 | N100: 0.010622923
...

Sheet A1 = benzophenone
B1: Starting amount [mmol] | E1: Endpoint ratio (from 1H-NMR integration) | O1: confidence interval | Q1: ΔΔG [kcal/mol] | S1: note
A2: A2 | B2: A1 | C2: A2 | D2: NaBH4 | E2: A1 | F2: A2 | G2: alcohol1 | H2: alcohol2 | I2: [A1]f / [A1]0 | J2: [A2]f / [A2]0 | K2: -ln([A1]f / [A1]0) | L2: -ln([A2]f / [A2]0) | M2: LINEST analysis | O2: ± 1σ | P2: % | Q2: value | R2: ±68% (1σ)
A3: 2-indanone | B3: 0.2 | C3: 0.2 | D3: 0.04 | E3: 1 | F3: 0.68 | G3: 0 | H3: 0.08 | I3: =E3/(E3+G3) -> 1 | J3: =F3/(F3+H3) -> 0.89473684 | K3: =-LN(I3) -> 0 | L3: =-LN(J3) -> 0.11122564 | M3: {=LINEST(L3:L5,K3:K5,FALSE,TRUE)} -> 101.58148 | N3: 0 | O3: =TINV(0.32,N6)*M4 -> 17.701174 | P3: =O3*100/M3 -> 17.425592 | Q3: =-1.99*273*LN(M3)/1000 -> -2.5103753 | R3: =ABS(1.99*273*O3/M3/1000) -> 0.094668015
B4: 0.2 | C4: 0.2 | D4: 0.08 | E4: 1 | F4: 0.74 | G4: 0.003 | H4: 0.46 | I4: =E4/(E4+G4) -> 0.99700897 | J4: =F4/(F4+H4) -> 0.61666667 | K4: =-LN(I4) -> 0.002995509 | L4: =-LN(J4) -> 0.48342665 | M4: 13.496084 | N4: #N/A
B5: 0.2 | C5: 0.2 | D5: 0.12 | E5: 1 | F5: 0.28 | G5: 0.011 | H5: 0.53 | I5: =E5/(E5+G5) -> 0.98911968 | J5: =F5/(F5+H5) -> 0.34567901 | K5: =-LN(I5) -> 0.01093994 | L5: =-LN(J5) -> 1.0622446 | M5: 0.96590043 | N5: 0.15308116
M6: 56.651768 | N6: 2
M7: 1.3275685 | N7: 0.04686768
A8: 4-tert-buthylcyclohexanone | B8: 0.2 | C8: 0.2 | D8: 0.04 | E8: 1 | F8: 0.686 | G8: 0.004 | H8: 0.341 | I8: =E8/(E8+G8) -> 0.99601594 | J8: =F8/(F8+H8) -> 0.66796495 | K8: =-LN(I8) -> 0.0039920213 | L8: =-LN(J8) -> 0.40351958 | M8: {=LINEST(L8:L10,K8:K10,FALSE,TRUE)} -> 67.530817 | N8: 0 | O8: =TINV(0.32,N11)*M9 -> 2.4844323 | P8: =O8*100/M8 -> 3.6789608 | Q8: =-1.99*273*LN(M8)/1000 -> -2.2885705 | R8: =ABS(1.99*273*O8/M8/1000) -> 0.019986691
B9: 0.2 | C9: 0.2 | D9: 0.08 | E9: 1 | F9: 0.149 | G9: 0.03 | H9: 0.86 | I9: =E9/(E9+G9) -> 0.97087379 | J9: =F9/(F9+H9) -> 0.14767096 | K9: =-LN(I9) -> 0.029558802 | L9: =-LN(J9) -> 1.9127687 | M9: 1.8942308 | N9: #N/A
B10: 0.2 | C10: 0.2 | D10: 0.12 | E10: 1 | F10: 0.029 | G10: 0.054 | H10: 1.02 | I10: =E10/(E10+G10) -> 0.9487666 | J10: =F10/(F10+H10) -> 0.027645377 | K10: =-LN(I10) -> 0.05259245 | L10: =-LN(J10) -> 3.5882968 | M10: 0.99842888 | N10: 0.11452853
M11: 1270.9786 | N11: 2
M12: 16.671152 | N12: 0.02623357
A13: 4-tert-butylcyclohexanone (trans) | M13: =M8*2*0.84/(0.18+0.84) -> 111.22723 | O13: =O8*2*0.84/(0.18+0.84) -> 4.0920061 | P13: =O8*100/M8 -> 3.6789608 | Q13: =-1.99*273*LN(M13)/1000 -> -2.5596575 | R13: =ABS(1.99*273*O13/M13/1000) -> 0.019986691
A14: 4-tert-butylcyclohexanone (cis) | M14: =M8*2*0.18/(0.18+0.84) -> 23.834406 | O14: =O8*2*0.18/(0.18+0.84) -> 0.87685846 | P14: =O8*100/M8 -> 3.6789608 | Q14: =-1.99*273*LN(M14)/1000 -> -1.7227799 | R14: =ABS(1.99*273*O14/M14/1000) -> 0.019986691
A15: 4-methylcyclohexanone | B15: 0.2 | C15: 0.2 | D15: 0.04 | E15: 1 | F15: 0.4 | G15: 0.008 | H15: 0.35 | I15: =E15/(E15+G15) -> 0.99206349 | J15: =F15/(F15+H15) -> 0.53333333 | K15: =-LN(I15) -> 0.0079681696 | L15: =-LN(J15) -> 0.62860866 | M15: {=LINEST(L15:L16,K15:K16,FALSE,TRUE)} -> 64.860689 | N15: 0 | O15: =TINV(0.32,N18)*M16 -> 6.8792047 | P15: =O15*100/M15 -> 10.606123 | Q15: =-1.99*273*LN(M15)/1000 -> -2.2666538 | R15: =ABS(1.99*273*O15/M15/1000) -> 0.057619887
B16: 0.2 | C16: 0.2 | D16: 0.08 | E16: 1 | F16: 0.125 | G16: 0.03 | H16: 0.7 | I16: =E16/(E16+G16) -> 0.97087379 | J16: =F16/(F16+H16) -> 0.15151515 | K16: =-LN(I16) -> 0.029558802 | L16: =-LN(J16) -> 1.8870696 | M16: 3.7818748 | N16: #N/A
M17: 0.99661174 | N17: 0.11577816
M18: 294.13643 | N18: 1
M19: 3.9427761 | N19: 0.013404583
A20: 4-methylcyclohexanone (trans) | M20: =M15*2*0.57/(0.13+0.57) -> 105.63026 | O20: =O15*2*0.57/(0.13+0.57) -> 11.203276 | P20: =O15*100/M15 -> 10.606123 | Q20: =-1.99*273*LN(M20)/1000 -> -2.5316083 | R20: =ABS(1.99*273*O20/M20/1000) -> 0.057619887
A21: 4-methylcyclohexanone (cis) | M21: =M15*2*0.13/(0.13+0.57) -> 24.091113 | O21: =O15*2*0.13/(0.13+0.57) -> 2.5551332 | P21: =O15*100/M15 -> 10.606123 | Q21: =-1.99*273*LN(M21)/1000 -> -1.7285999 | R21: =ABS(1.99*273*O21/M21/1000) -> 0.057619887
A22: 4,4-dimethylcyclohexanone | B22: 0.2 | C22: 0.2 | D22: 0.04 | E22: 1 | F22: 0.225 | G22: 0.021 | H22: 0.72 | I22: =E22/(E22+G22) -> 0.97943193 | J22: =F22/(F22+H22) -> 0.23809524 | K22: =-LN(I22) -> 0.020782539 | L22: =-LN(J22) -> 1.4350845 | M22: {=LINEST(L22:L23,K22:K23,FALSE,TRUE)} -> 61.856388 | N22: 0 | O22: =TINV(0.32,N25)*M23 -> 8.3787218 | P22: =O22*100/M22 -> 13.545443 | Q22: =-1.99*273*LN(M22)/1000 -> -2.2408885 | R22: =ABS(1.99*273*O22/M22/1000) -> 0.073588328
B23: 0.2 | C23: 0.2 | D23: 0.08 | E23: 1 | F23: 0.1525 | G23: 0.033 | H23: 0.88 | I23: =E23/(E23+G23) -> 0.96805421 | J23: =F23/(F23+H23) -> 0.14769976 | K23: =-LN(I23) -> 0.03246719 | L23: =-LN(J23) -> 1.9125737 | M23: 4.6062413 | N23: #N/A
M24: 0.99448529 | N24: 0.17756641
M25: 180.33322 | N25: 1
M26: 5.685876 | N26: 0.031529831
A27: 3-methylcyclohexanone | B27: 0.2 | C27: 0.2 | D27: 0.04 | E27: 1 | F27: 0.42 | G27: 0.016 | H27: 0.44 | I27: =E27/(E27+G27) -> 0.98425197 | J27: =F27/(F27+H27) -> 0.48837209 | K27: =-LN(I27) -> 0.015873349 | L27: =-LN(J27) -> 0.71667768 | M27: {=LINEST(L27:L28,K27:K28,FALSE,TRUE)} -> 54.491838 | N27: 0 | O27: =TINV(0.32,N30)*M28 -> 6.877464 | P27: =O27*100/M27 -> 12.62109 | Q27: =-1.99*273*LN(M27)/1000 -> -2.1720211 | R27: =ABS(1.99*273*O27/M27/1000) -> 0.068566596
B28: 0.2 | C28: 0.2 | D28: 0.08 | E28: 1 | F28: 0.08 | G28: 0.04 | H28: 0.64 | I28: =E28/(E28+G28) -> 0.96153846 | J28: =F28/(F28+H28) -> 0.11111111 | K28: =-LN(I28) -> 0.039220713 | L28: =-LN(J28) -> 2.1972246 | M28: 3.7809178 | N28: #N/A
M29: 0.99520878 | N29: 0.15997472
M30: 207.71528 | N30: 1
M31: 5.3158308 | N31: 0.025591911
A32: cis-3-methylcyclohexanone | M32: =M27*2*0.49/(0.49+0.15) -> 83.440627 | O32: =O27*0.49/(0.49+0.15) -> 5.2655584 | P32: =O27*100/M27 -> 12.62109 | Q32: =-1.99*273*LN(M32)/1000 -> -2.4035 | R32: =ABS(1.99*273*O32/M32/1000) -> 0.034283298
A33: trans-3-methylcyclohexanone | M33: =M27*2*0.15/(0.49+0.15) -> 25.543049 | O33: =O27*0.15/(0.49+0.15) -> 1.6119056 | P33: =O27*100/M27 -> 12.62109 | Q33: =-1.99*273*LN(M33)/1000 -> -1.7603932 | R33: =ABS(1.99*273*O33/M33/1000) -> 0.034283298
A34: 1-chloropinacolin | B34: 0.2 | C34: 0.2 | D34: 0.04 | E34: 1 | F34: 0.375 | G34: 0 | H34: 0.58 | I34: =E34/(E34+G34) -> 1 | J34: =F34/(F34+H34) -> 0.39267016 | K34: =-LN(I34) -> 0 | L34: =-LN(J34) -> 0.93478531 | M34: {=LINEST(L34:L36,K34:K36,FALSE,TRUE)} -> 48.795009 | N34: 0 | O34: =TINV(0.32,N37)*M35 -> 11.589185 | P34: =O34*100/M34 -> 23.750759 | Q34: =-1.99*273*LN(M34)/1000 -> -2.1120317 | R34: =ABS(1.99*273*O34/M34/1000) -> 0.12903075
B35: 0.2 | C35: 0.2 | D35: 0.08 | E35: 1 | F35: 0.135 | G35: 0.009 | H35: 0.78 | I35: =E35/(E35+G35) -> 0.99108028 | J35: =F35/(F35+H35) -> 0.14754098 | K35: =-LN(I35) -> 0.0089597414 | L35: =-LN(J35) -> 1.9136493 | M35: 8.836059 | N35: #N/A
B36: 0.2 | C36: 0.2 | D36: 0.12 | E36: 1 | F36: 0.00125 | G36: 0.15 | H36: 1.04 | I36: =E36/(E36+G36) -> 0.86956522 | J36: =F36/(F36+H36) -> 0.0012004802 | K36: =-LN(I36) -> 0.13976194 | L36: =-LN(J36) -> 6.7250336 | M36: 0.93845273 | N36: 1.2374798
M37: 30.495347 | N37: 2
M38: 46.699242 | N38: 3.0627126
A39: cyclohexanone | B39: 0.2 | C39: 0.2 | D39: 0.04 | E39: 1 | F39: 0.693 | G39: 0.008 | H39: 0.33 | I39: =E39/(E39+G39) -> 0.99206349 | J39: =F39/(F39+H39) -> 0.67741935 | K39: =-LN(I39) -> 0.0079681696 | L39: =-LN(J39) -> 0.38946477 | M39: {=LINEST(L39:L41,K39:K41,FALSE,TRUE)} -> 46.30306 | N39: 0 | O39: =TINV(0.32,N42)*M40 -> 4.9980796 | P39: =O39*100/M39 -> 10.794275 | Q39: =-1.99*273*LN(M39)/1000 -> -2.0835535 | R39: =ABS(1.99*273*O39/M39/1000) -> 0.058642057
B40: 0.2 | C40: 0.2 | D40: 0.08 | E40: 1 | F40: 0.395 | G40: 0.015 | H40: 0.5 | I40: =E40/(E40+G40) -> 0.98522167 | J40: =F40/(F40+H40) -> 0.44134078 | K40: =-LN(I40) -> 0.014888612 | L40: =-LN(J40) -> 0.81793795 | M40: 3.8107362 | N40: #N/A
B41: 0.2 | C41: 0.2 | D41: 0.12 | E41: 1 | F41: 0.435 | G41: 0.024 | H41: 0.76 | I41: =E41/(E41+G41) -> 0.9765625 | J41: =F41/(F41+H41) -> 0.36401674 | K41: =-LN(I41) -> 0.023716527 | L41: =-LN(J41) -> 1.0105554 | M41: 0.98663452 | N41: 0.1109465
M42: 147.63918 | N42: 2
M43: 1.8173093 | N43: 0.024618253
A44: 4-nitroacetophenone | B44: 0.2 | C44: 0.2 | D44: 0.04 | E44: 1 | F44: 0.68 | G44: 0.009 | H44: 0.3 | I44: =E44/(E44+G44) -> 0.99108028 | J44: =F44/(F44+H44) -> 0.69387755 | K44: =-LN(I44) -> 0.0089597414 | L44: =-LN(J44) -> 0.36545977 | M44: {=LINEST(L44:L46,K44:K46,FALSE,TRUE)} -> 32.431097 | N44: 0 | O44: =TINV(0.32,N47)*M45 -> 3.6017501 | P44: =O44*100/M44 -> 11.105853 | Q44: =-1.99*273*LN(M44)/1000 -> -1.8901003 | R44: =ABS(1.99*273*O44/M44/1000) -> 0.06033477
B45: 0.2 | C45: 0.2 | D45: 0.06 | E45: 1 | F45: 0.65 | G45: 0.013 | H45: 0.34 | I45: =E45/(E45+G45) -> 0.98716683 | J45: =F45/(F45+H45) -> 0.65656566 | K45: =-LN(I45) -> 0.012916225 | L45: =-LN(J45) -> 0.42073258 | M45: 2.7461186 | N45: #N/A
B46: 0.2 | C46: 0.2 | D46: 0.08 | E46: 1 | F46: 0.615 | G46: 0.016 | H46: 0.37 | I46: =E46/(E46+G46) -> 0.98425197 | J46: =F46/(F46+H46) -> 0.62436548 | K46: =-LN(I46) -> 0.015873349 | L46: =-LN(J46) -> 0.47101937 | M46: 0.98586285 | N46: 0.061347887
M47: 139.47125 | N47: 2
M48: 0.52490887 | N48: 0.0075271266
A49: 4-phenyl-3-butyn-2-one | B49: 0.2 | C49: 0.2 | D49: 0.04 | E49: 1 | F49: 0.29 | G49: 0.033 | H49: 0.56 | I49: =E49/(E49+G49) -> 0.96805421 | J49: =F49/(F49+H49) -> 0.34117647 | K49: =-LN(I49) -> 0.03246719 | L49: =-LN(J49) -> 1.0753554 | M49: {=LINEST(L49:L50,K49:K50,FALSE,TRUE)} -> 30.956182 | N49: 0 | O49: =TINV(0.32,N52)*M50 -> 1.7237462 | P49: =O49*100/M49 -> 5.5683425 | Q49: =-1.99*273*LN(M49)/1000 -> -1.8648138 | R49: =ABS(1.99*273*O49/M49/1000) -> 0.030251134
B50: 0.2 | C50: 0.2 | D50: 0.08 | E50: 1 | F50: 0.11 | G50: 0.077 | H50: 0.95 | I50: =E50/(E50+G50) -> 0.92850511 | J50: =F50/(F50+H50) -> 0.10377358 | K50: =-LN(I50) -> 0.074179398 | L50: =-LN(J50) -> 2.2655438 | M50: 0.94763751 | N50: #N/A
M51: 0.99906377 | N51: 0.07673349
M52: 1067.1127 | N52: 1
M53: 6.2831901 | N53: 0.0058880285
A54: 2-tetralone | B54: 0.2 | C54: 0.2 | D54: 0.04 | E54: 1 | F54: 0.79 | G54: 0.022 | H54: 0.23 | I54: =E54/(E54+G54) -> 0.97847358 | J54: =F54/(F54+H54) -> 0.7745098 | K54: =-LN(I54) -> 0.021761492 | L54: =-LN(J54) -> 0.25552496 | M54: {=LINEST(L54:L56,K54:K56,FALSE,TRUE)} -> 25.635936 | N54: 0 | O54: =TINV(0.32,N57)*M55 -> 4.8389013 | P54: =O54*100/M54 -> 18.875462 | Q54: =-1.99*273*LN(M54)/1000 -> -1.7623652 | R54: =ABS(1.99*273*O54/M54/1000) -> 0.10254472
B55: 0.2 | C55: 0.2 | D55: 0.08 | E55: 1 | F55: 0.53 | G55: 0.025 | H55: 0.46 | I55: =E55/(E55+G55) -> 0.97560976 | J55: =F55/(F55+H55) -> 0.53535354 | K55: =-LN(I55) -> 0.024692613 | L55: =-LN(J55) -> 0.62482794 | M55: 3.6893723 | N55: #N/A
B56: 0.2 | C56: 0.2 | D56: 0.12 | E56: 1 | F56: 0.23 | G56: 0.055 | H56: 0.8 | I56: =E56/(E56+G56) -> 0.9478673 | J56: =F56/(F56+H56) -> 0.22330097 | K56: =-LN(I56) -> 0.053540767 | L56: =-LN(J56) -> 1.4992348 | M56: 0.96022505 | N56: 0.23187056
M57: 48.282904 | N57: 2
M58: 2.5958799 | N58: 0.10752791
A59: 9-fluorenone | B59: 0.2 | C59: 0.2 | D59: 0.04 | E59: 1 | F59: 0.75 | G59: 0.01 | H59: 0.24 | I59: =E59/(E59+G59) -> 0.99009901 | J59: =F59/(F59+H59) -> 0.75757576 | K59: =-LN(I59) -> 0.0099503309 | L59: =-LN(J59) -> 0.27763174 | M59: {=LINEST(L59:L61,K59:K61,FALSE,TRUE)} -> 25.027676 | N59: 0 | O59: =TINV(0.32,N62)*M60 -> 0.84440541 | P59: =O59*100/M59 -> 3.3738867 | Q59: =-1.99*273*LN(M59)/1000 -> -1.7493197 | R59: =ABS(1.99*273*O59/M59/1000) -> 0.018329314
B60: 0.2 | C60: 0.2 | D60: 0.08 | E60: 1 | F60: 0.62 | G60: 0.02 | H60: 0.38 | I60: =E60/(E60+G60) -> 0.98039216 | J60: =F60/(F60+H60) -> 0.62 | K60: =-LN(I60) -> 0.019802627 | L60: =-LN(J60) -> 0.4780358 | M60: 0.64380853 | N60: #N/A
B61: 0.2 | C61: 0.2 | D61: 0.12 | E61: 1 | F61: 0.5 | G61: 0.03 | H61: 0.55 | I61: =E61/(E61+G61) -> 0.97087379 | J61: =F61/(F61+H61) -> 0.47619048 | K61: =-LN(I61) -> 0.029558802 | L61: =-LN(J61) -> 0.74193734 | M61: 0.99867831 | N61: 0.023785008
M62: 1511.2196 | N62: 2
M63: 0.85493718 | N63: 0.0011314533
A64: 3-(benzyloxy)cyclobutanone | B64: 0.2 | C64: 0.2 | D64: 0.04 | E64: 1 | F64: 0.31 | G64: 0.02 | H64: 0.29 | I64: =E64/(E64+G64) -> 0.98039216 | J64: =F64/(F64+H64) -> 0.51666667 | K64: =-LN(I64) -> 0.019802627 | L64: =-LN(J64) -> 0.66035736 | M64: {=LINEST(L64:L66,K64:K66,FALSE,TRUE)} -> 21.433724 | N64: 0 | O64: =TINV(0.32,N67)*M65 -> 2.9825601 | P64: =O64*100/M64 -> 13.915268 | Q64: =-1.99*273*LN(M64)/1000 -> -1.6651038 | R64: =ABS(1.99*273*O64/M64/1000) -> 0.075597476
B65: 0.2 | C65: 0.2 | D65: 0.08 | E65: 1 | F65: 0.095 | G65: 0.07 | H65: 0.52 | I65: =E65/(E65+G65) -> 0.93457944 | J65: =F65/(F65+H65) -> 0.15447154 | K65: =-LN(I65) -> 0.067658648 | L65: =-LN(J65) -> 1.8677454 | M65: 2.2740234 | N65: #N/A
B66: 0.2 | C66: 0.2 | D66: 0.12 | E66: 1 | F66: 0.035 | G66: 0.16 | H66: 0.64 | I66: =E66/(E66+G66) -> 0.86206897 | J66: =F66/(F66+H66) -> 0.051851852 | K66: =-LN(I66) -> 0.14842001 | L66: =-LN(J66) -> 2.9593646 | M66: 0.97798311 | N66: 0.37364865
M67: 88.839359 | N67: 2
M68: 12.403157 | N68: 0.27922662
A69: 3-(benzyloxy)cyclobutanone(cis) | M69: =M64*0.56*2/(0.56+0.08) -> 37.509017 | O69: =O64*0.56/(0.56+0.08) -> 2.6097401 | P69: =O64*100/M64 -> 13.915268 | Q69: =-1.99*273*LN(M69)/1000 -> -1.9691263 | R69: =ABS(1.99*273*O69/M69/1000) -> 0.037798738
A70: 3-(benzyloxy)cyclobutanone(trans) | M70: =M64*0.08/(0.56+0.08)*2 -> 5.358431 | O70: =O64*0.08/(0.56+0.08) -> 0.37282001 | P70: =O64*100/M64 -> 13.915268 | Q70: =-1.99*273*LN(M70)/1000 -> -0.91197171 | R70: =ABS(1.99*273*O70/M70/1000) -> 0.037798738
A71: 3'-(trifluoromethyl)acetophenone | B71: 0.2 | C71: 0.2 | D71: 0.04 | E71: 1 | F71: 0.59 | G71: 0.028 | H71: 0.34 | I71: =E71/(E71+G71) -> 0.97276265 | J71: =F71/(F71+H71) -> 0.6344086 | K71: =-LN(I71) -> 0.027615167 | L71: =-LN(J71) -> 0.45506205 | M71: {=LINEST(L71:L73,K71:K73,FALSE,TRUE)} -> 18.468038 | N71: 0 | O71: =TINV(0.32,N74)*M72 -> 0.97784466 | P71: =O71*100/M71 -> 5.2947944 | Q71: =-1.99*273*LN(M71)/1000 -> -1.5841979 | R71: =ABS(1.99*273*O71/M71/1000) -> 0.02876503
B72: 0.2 | C72: 0.2 | D72: 0.08 | E72: 1 | F72: 0.44 | G72: 0.042 | H72: 0.46 | I72: =E72/(E72+G72) -> 0.9596929 | J72: =F72/(F72+H72) -> 0.48888889 | K72: =-LN(I72) -> 0.041141943 | L72: =-LN(J72) -> 0.71562004 | M72: 0.74554796 | N72: #N/A
B73: 0.2 | C73: 0.2 | D73: 0.12 | E73: 1 | F73: 0.22 | G73: 0.068 | H73: 0.56 | I73: =E73/(E73+G73) -> 0.93632959 | J73: =F73/(F73+H73) -> 0.28205128 | K73: =-LN(I73) -> 0.065787741 | L73: =-LN(J73) -> 1.2656664 | M73: 0.99675117 | N73: 0.061403847
M74: 613.60707 | N74: 2
M75: 2.313564 | N75: 0.0075408649
A76: 2-adamantanone | B76: 0.2 | C76: 0.2 | D76: 0.04 | E76: 1 | F76: 0.79 | G76: 0.007 | H76: 0.094 | I76: =E76/(E76+G76) -> 0.99304866 | J76: =F76/(F76+H76) -> 0.89366516 | K76: =-LN(I76) -> 0.0069756137 | L76: =-LN(J76) -> 0.11242412 | M76: {=LINEST(L76:L78,K76:K78,FALSE,TRUE)} -> 14.979895 | N76: 0 | O76: =TINV(0.32,N79)*M77 -> 0.33331874 | P76: =O76*100/M76 -> 2.2251073 | Q76: =-1.99*273*LN(M76)/1000 -> -1.4704738 | R76: =ABS(1.99*273*O76/M76/1000) -> 0.012088341
B77: 0.2 | C77: 0.2 | D77: 0.06 | E77: 1 | F77: 0.21 | G77: 0.1 | H77: 0.73 | I77: =E77/(E77+G77) -> 0.90909091 | J77: =F77/(F77+H77) -> 0.22340426 | K77: =-LN(I77) -> 0.09531018 | L77: =-LN(J77) -> 1.4987723 | M77: 0.25413557 | N77: #N/A
B78: 0.2 | C78: 0.2 | D78: 0.08 | E78: 1 | F78: 0.045 | G78: 0.22 | H78: 0.81 | I78: =E78/(E78+G78) -> 0.81967213 | J78: =F78/(F78+H78) -> 0.052631579 | K78: =-LN(I78) -> 0.19885086 | L78: =-LN(J78) -> 2.944439 | M78: 0.9994247 | N78: 0.056068062
M79: 3474.4546 | N79: 2
M80: 10.922391 | N80: 0.0062872552
A81: 4'-(trifluoromethyl)acetophenone | B81: 0.2 | C81: 0.2 | D81: 0.04 | E81: 1 | F81: 0.53 | G81: 0.06 | H81: 0.44 | I81: =E81/(E81+G81) -> 0.94339623 | J81: =F81/(F81+H81) -> 0.54639175 | K81: =-LN(I81) -> 0.058268908 | L81: =-LN(J81) -> 0.60441906 | M81: {=LINEST(L81:L83,K81:K83,FALSE,TRUE)} -> 14.786249 | N81: 0 | O81: =TINV(0.32,N84)*M82 -> 1.6301952 | P81: =O81*100/M81 -> 11.025076 | Q81: =-1.99*273*LN(M81)/1000 -> -1.4634051 | R81: =ABS(1.99*273*O81/M81/1000) -> 0.059895933
B82: 0.2 | C82: 0.2 | D82: 0.06 | E82: 1 | F82: 0.38 | G82: 0.08 | H82: 0.67 | I82: =E82/(E82+G82) -> 0.92592593 | J82: =F82/(F82+H82) -> 0.36190476 | K82: =-LN(I82) -> 0.076961041 | L82: =-LN(J82) -> 1.0163742 | M82: 1.2429262 | N82: #N/A
B83: 0.2 | C83: 0.2 | D83: 0.08 | E83: 1 | F83: 0.1 | G83: 0.17 | H83: 1.09 | I83: =E83/(E83+G83) -> 0.85470085 | J83: =F83/(F83+H83) -> 0.084033613 | K83: =-LN(I83) -> 0.15700375 | L83: =-LN(J83) -> 2.4765384 | M83: 0.9860649 | N83: 0.22907789
M84: 141.52245 | N84: 2
M85: 7.426628 | N85: 0.10495336
A86: Benzoylacetonitrile | B86: 0.2 | C86: 0.2 | D86: 0.04 | E86: 1 | F86: =1.3383/2 -> 0.66915 | G86: 0.0125 | H86: 0.2877 | I86: =E86/(E86+G86) -> 0.98765432 | J86: =F86/(F86+H86) -> 0.69932591 | K86: =-LN(I86) -> 0.01242252 | L86: =-LN(J86) -> 0.35763839 | M86: {=LINEST(L86:L88,K86:K88,FALSE,TRUE)} -> 13.178349 | N86: 0 | O86: =TINV(0.32,N89)*M87 -> 2.9539429 | P86: =O86*100/M86 -> 22.415122 | Q86: =-1.99*273*LN(M86)/1000 -> -1.4008626 | R86: =ABS(1.99*273*O86/M86/1000) -> 0.12177463
A87: dibenzosuberone-2 | B87: 0.2 | C87: 0.2 | D87: 0.08 | E87: 1 | F87: =0.7594/2 -> 0.3797 | G87: 0.0196 | H87: 0.4723 | I87: =E87/(E87+G87) -> 0.98077678 | J87: =F87/(F87+H87) -> 0.44565728 | K87: =-LN(I87) -> 0.019410394 | L87: =-LN(J87) -> 0.80820506 | M87: 2.2522045 | N87: #N/A
A88: dibenzosuberone-3 | B88: 0.2 | C88: 0.2 | D88: 0.12 | E88: 1 | F88: =0.2141/2 -> 0.10705 | G88: 0.2017 | H88: 1.0153 | I88: =E88/(E88+G88) -> 0.83215445 | J88: =F88/(F88+H88) -> 0.095380229 | K88: =-LN(I88) -> 0.18373722 | L88: =-LN(J88) -> 2.349884 | M88: 0.94480907 | N88: 0.41705603
M89: 34.23784 | N89: 2
M90: 5.9551838 | N90: 0.34787146
A91: 1,4-Cyclohexanedion monoethyleneketal | B91: 0.2 | C91: 0.2 | D91: 0.04 | E91: 1 | F91: =1.8446/4 -> 0.46115 | G91: 0.0047 | H91: 0.2723 | I91: =E91/(E91+G91) -> 0.99532199 | J91: =F91/(F91+H91) -> 0.62874088 | K91: =-LN(I91) -> 0.0046889895 | L91: =-LN(J91) -> 0.46403606 | M91: {=LINEST(L91:L93,K91:K93,FALSE,TRUE)} -> 12.60893 | N91: 0 | O91: =TINV(0.32,N94)*M92 -> 5.2792719 | P91: =O91*100/M91 -> 41.86931 | Q91: =-1.99*273*LN(M91)/1000 -> -1.3768664 | R91: =ABS(1.99*273*O91/M91/1000) -> 0.2274634
A92: dibenzosuberone-2 | B92: 0.2 | C92: 0.2 | D92: 0.08 | E92: 1 | F92: =0.531/4 -> 0.13275 | G92: 0.0239 | H92: 0.7239 | I92: =E92/(E92+G92) -> 0.97665788 | J92: =F92/(F92+H92) -> 0.1549641 | K92: =-LN(I92) -> 0.023618866 | L92: =-LN(J92) -> 1.8645618 | M92: 4.0251285 | N92: #N/A
A93: dibenzosuberone-3 | B93: 0.2 | C93: 0.2 | D93: 0.12 | E93: 1 | F93: =0.1373/4 -> 0.034325 | G93: 0.3288 | H93: 1.0443 | I93: =E93/(E93+G93) -> 0.7525587 | J93: =F93/(F93+H93) -> 0.031822923 | K93: =-LN(I93) -> 0.28427628 | L93: =-LN(J93) -> 3.4475684 | M93: 0.83069343 | N93: 1.1483462
M94: 9.8128905 | N94: 2
M95: 12.94025 | N95: 2.6373982
A96: 5-Chloro-2-pentanone | B96: 0.2 | C96: 0.2 | D96: 0.04 | E96: 1 | F96: =2.5034/3 -> 0.83446667 | G96: 0.0173 | H96: 0.1507 | I96: =E96/(E96+G96) -> 0.9829942 | J96: =F96/(F96+H96) -> 0.84703096 | K96: =-LN(I96) -> 0.017152059 | L96: =-LN(J96) -> 0.16601803 | M96: {=LINEST(L96:L99,K96:K99,FALSE,TRUE)} -> 9.253139 | N96: 0 | O96: =TINV(0.32,N99)*M97 -> 0.068405668 | P96: =O96*100/M96 -> 0.73926987 | Q96: =-1.99*273*LN(M96)/1000 -> -1.2087556 | R96: =ABS(1.99*273*O96/M96/1000) -> 0.0040162314
B97: 0.2 | C97: 0.2 | D97: 0.08 | E97: 1 | F97: =2.1124/3 -> 0.70413333 | G97: 0.0406 | H97: 0.3085 | I97: =E97/(E97+G97) -> 0.96098405 | J97: =F97/(F97+H97) -> 0.69534876 | K97: =-LN(I97) -> 0.03979747 | L97: =-LN(J97) -> 0.36334175 | M97: 0.057535554 | N97: #N/A
B98: 0.2 | C98: 0.2 | D98: 0.12 | E98: 1 | F98: =1.8366/3 -> 0.6122 | G98: 0.0583 | H98: 0.4189 | I98: =E98/(E98+G98) -> 0.94491165 | J98: =F98/(F98+H98) -> 0.59373485 | K98: =-LN(I98) -> 0.056663847 | L98: =-LN(J98) -> 0.52132245 | M98: 0.99988402 | N98: 0.0057275289
E99: 1 | F99: =1.6488/3 -> 0.5496 | G99: 0.0719 | H99: 0.4989 | I99: =E99/(E99+G99) -> 0.93292285 | J99: =F99/(F99+H99) -> 0.5241774 | K99: =-LN(I99) -> 0.069432775 | L99: =-LN(J99) -> 0.64592511 | M99: 25864.588 | N99: 3
M100: 0.84847714 | N100: 9.8413762e-05
...

Sheet A1=dibenzosuberone
B1: Starting amount [mmol] | E1: Endpoint ratio (from 1H-NMR integration) | O1: confidence interval | Q1: ΔΔG [kcal/mol] | S1: note
A2: A2 | B2: A1 | C2: A2 | D2: NaBH4 | E2: A1 | F2: A2 | G2: alcohol1 | H2: alcohol2 | I2: [A1]f / [A1]0 | J2: [A2]f / [A2]0 | K2: -ln([A1]f / [A1]0) | L2: -ln([A2]f / [A2]0) | M2: LINEST analysis | O2: ± 1σ | P2: % | Q2: value | R2: ±68% (1σ)
A3: 2-nonanone | B3: 0.2 | C3: 0.2 | D3: 0.04 | E3: 1 | F3: 0.65 | G3: 0.008 | H3: 0.4 | I3: =E3/(E3+G3) -> 0.99206349 | J3: =F3/(F3+H3) -> 0.61904762 | K3: =-LN(I3) -> 0.0079681696 | L3: =-LN(J3) -> 0.47957308 | M3: {=LINEST(L3:L5,K3:K5,FALSE,TRUE)} -> 52.405369 | N3: 0 | O3: =TINV(0.32,N6)*M4 -> 4.4938312 | P3: =O3*100/M3 -> 8.575135 | Q3: =-1.99*273*LN(M3)/1000 -> -2.1508108 | R3: =ABS(1.99*273*O3/M3/1000) -> 0.046586136
A4: 2-nonanone-2 | B4: 0.2 | C4: 0.2 | D4: 0.08 | E4: 1 | F4: 0.44 | G4: 0.014 | H4: 0.57 | I4: =E4/(E4+G4) -> 0.98619329 | J4: =F4/(F4+H4) -> 0.43564356 | K4: =-LN(I4) -> 0.013902905 | L4: =-LN(J4) -> 0.83093088 | M4: 3.426277 | N4: #N/A
A5: 2-nonanone-3 | B5: 0.2 | C5: 0.2 | D5: 0.12 | E5: 1 | F5: 0.32 | G5: 0.025 | H5: 0.76 | I5: =E5/(E5+G5) -> 0.97560976 | J5: =F5/(F5+H5) -> 0.2962963 | K5: =-LN(I5) -> 0.024692613 | L5: =-LN(J5) -> 1.2163953 | M5: 0.99152331 | N5: 0.10085761
M6: 233.94115 | N6: 2
M7: 2.3797095 | N7: 0.020344514
A8: 5-nonanone | B8: 0.2 | C8: 0.2 | D8: 0.04 | E8: 1 | F8: 0.673 | G8: 0.018 | H8: 0.24 | I8: =E8/(E8+G8) -> 0.98231827 | J8: =F8/(F8+H8) -> 0.73713034 | K8: =-LN(I8) -> 0.017839918 | L8: =-LN(J8) -> 0.30499055 | M8: {=LINEST(L8:L10,K8:K10,FALSE,TRUE)} -> 13.183098 | N8: 0 | O8: =TINV(0.32,N11)*M9 -> 1.5483456 | P8: =O8*100/M8 -> 11.74493 | Q8: =-1.99*273*LN(M8)/1000 -> -1.4010583 | R8: =ABS(1.99*273*O8/M8/1000) -> 0.06380668
A9: 5-nonanone-2 | B9: 0.2 | C9: 0.2 | D9: 0.08 | E9: 1 | F9: 0.495 | G9: 0.039 | H9: 0.42 | I9: =E9/(E9+G9) -> 0.96246391 | J9: =F9/(F9+H9) -> 0.54098361 | K9: =-LN(I9) -> 0.038258712 | L9: =-LN(J9) -> 0.6143663 | M9: 1.1805208 | N9: #N/A
A10: 5-nonanone-3 | B10: 0.2 | C10: 0.2 | D10: 0.12 | E10: 1 | F10: 0.368 | G10: 0.081 | H10: 0.59 | I10: =E10/(E10+G10) -> 0.92506938 | J10: =F10/(F10+H10) -> 0.38413361 | K10: =-LN(I10) -> 0.077886539 | L10: =-LN(J10) -> 0.95676484 | M10: 0.98421544 | N10: 0.10458311
M11: 124.7061 | N11: 2
M12: 1.3639889 | N12: 0.021875255
A13: 2,6-dimethyl-4-heptanone | B13: 0.2 | C13: 0.2 | D13: 0.04 | E13: 1 | F13: 0.75 | G13: 0.14 | H13: 0.05 | I13: =E13/(E13+G13) -> 0.87719298 | J13: =F13/(F13+H13) -> 0.9375 | K13: =-LN(I13) -> 0.13102826 | L13: =-LN(J13) -> 0.064538521 | M13: {=LINEST(L13:L15,K13:K15,FALSE,TRUE)} -> 0.5676269 | N13: 0 | O13: =TINV(0.32,N16)*M14 -> 0.043115905 | P13: =O13*100/M13 -> 7.5958176 | Q13: =-1.99*273*LN(M13)/1000 -> 0.30764888 | R13: =ABS(1.99*273*O13/M13/1000) -> 0.041265798
A14: 2,6-dimethyl-4-heptanone-2 | B14: 0.2 | C14: 0.2 | D14: 0.08 | E14: 1 | F14: 0.79 | G14: 0.23 | H14: 0.09 | I14: =E14/(E14+G14) -> 0.81300813 | J14: =F14/(F14+H14) -> 0.89772727 | K14: =-LN(I14) -> 0.20701417 | L14: =-LN(J14) -> 0.10788896 | M14: 0.032873294 | N14: #N/A
A15: 2,6-dimethyl-4-heptanone-3 | B15: 0.2 | C15: 0.2 | D15: 0.12 | E15: 1 | F15: 0.67 | G15: 0.34 | H15: 0.13 | I15: =E15/(E15+G15) -> 0.74626866 | J15: =F15/(F15+H15) -> 0.8375 | K15: =-LN(I15) -> 0.29266961 | L15: =-LN(J15) -> 0.17733402 | M15: 0.99333674 | N15: 0.012547042
M16: 298.15322 | N16: 2
M17: 0.046937745 | N17: 0.00031485654
A18: 10,10-Dimethylanthracen-9(10H)-one | B18: 0.2 | C18: 0.2 | D18: 0.04 | E18: 1 | F18: 1.229 | G18: 0.246 | H18: 0.033 | I18: =E18/(E18+G18) -> 0.80256822 | J18: =F18/(F18+H18) -> 0.97385103 | K18: =-LN(I18) -> 0.21993842 | L18: =-LN(J18) -> 0.026496934 | M18: {=LINEST(L18:L20,K18:K20,FALSE,TRUE)} -> 0.11891936 | N18: 0 | O18: =TINV(0.32,N21)*M19 -> 0.0019617211 | P18: =O18*100/M18 -> 1.6496229 | Q18: =-1.99*273*LN(M18)/1000 -> 1.15679 | R18: =ABS(1.99*273*O18/M18/1000) -> 0.0089619063
A19: 10,10-Dimethylanthracen-9(10H)-one-2 | B19: 0.2 | C19: 0.2 | D19: 0.08 | E19: 1 | F19: 1.512 | G19: 0.603 | H19: 0.083 | I19: =E19/(E19+G19) -> 0.62383032 | J19: =F19/(F19+H19) -> 0.94796238 | K19: =-LN(I19) -> 0.47187687 | L19: =-LN(J19) -> 0.053440458 | M19: 0.0014956948 | N19: #N/A
A20: 10,10-Dimethylanthracen-9(10H)-one-3 | B20: 0.2 | C20: 0.2 | D20: 0.12 | E20: 1 | F20: 2.962 | G20: 2.482 | H20: 0.477 | I20: =E20/(E20+G20) -> 0.28719127 | J20: =F20/(F20+H20) -> 0.86129689 | K20: =-LN(I20) -> 1.2476068 | L20: =-LN(J20) -> 0.14931602 | M20: 0.99968372 | N20: 0.002021991
M21: 6321.4865 | N21: 2
M22: 0.025845066 | N22: 8.1768951e-06
A23: (+)-camphor | B23: 0.2 | C23: 0.2 | D23: 0.08 | E23: 1 | F23: 2.18 | G23: 1.54 | H23: 0.144 | I23: =E23/(E23+G23) -> 0.39370079 | J23: =F23/(F23+H23) -> 0.93803787 | K23: =-LN(I23) -> 0.93216408 | L23: =-LN(J23) -> 0.063964962 | M23: {=LINEST(L23:L25,K23:K25,FALSE,TRUE)} -> 0.070570076 | N23: 0 | O23: =TINV(0.32,N26)*M24 -> 0.0015299737 | P23: =O23*100/M23 -> 2.1680205 | Q23: =-1.99*273*LN(M23)/1000 -> 1.4402898 | R23: =ABS(1.99*273*O23/M23/1000) -> 0.011778205
A24: (+)-camphor-2 | B24: 0.2 | C24: 0.2 | D24: 0.12 | E24: 1 | F24: 2.81 | G24: 2.5 | H24: 0.268 | I24: =E24/(E24+G24) -> 0.28571429 | J24: =F24/(F24+H24) -> 0.91293047 | K24: =-LN(I24) -> 1.252763 | L24: =-LN(J24) -> 0.091095552 | M24: 0.0011665133 | N24: #N/A
A25: (+)-camphor-3 | B25: 0.2 | C25: 0.2 | D25: 0.16 | E25: 1 | F25: 3.3 | G25: 3.05 | H25: 0.338 | I25: =E25/(E25+G25) -> 0.24691358 | J25: =F25/(F25+H25) -> 0.90709181 | K25: =-LN(I25) -> 1.3987169 | L25: =-LN(J25) -> 0.097511612 | M25: 0.99945383 | N25: 0.0024454398
M26: 3659.8373 | N26: 2
M27: 0.02188647 | N27: 1.1960351e-05
A28: camphor (exo) | M28: =M23*2*0.29/(0.048+0.29) -> 0.12109658 | O28: =O23*2*0.29/(0.048+0.29) -> 0.0026253987 | P28: =O23*100/M23 -> 2.1680205 | Q28: =-1.99*273*LN(M28)/1000 -> 1.1469336 | R28: =ABS(1.99*273*O28/M28/1000) -> 0.011778205
A29: camphor (endo) | M29: =M23*2*0.048/(0.048+0.29) -> 0.020043572 | O29: =O23*2*0.048/(0.048+0.29) -> 0.00043454875 | P29: =O23*100/M23 -> 2.1680205 | Q29: =-1.99*273*LN(M29)/1000 -> 2.1241025 | R29: =ABS(1.99*273*O29/M29/1000) -> 0.011778205
A30: (-)-fenchone | B30: 0.2 | C30: 0.2 | D30: 0.08 | E30: 1 | F30: 1.59 | G30: 0.87 | H30: 0.048 | I30: =E30/(E30+G30) -> 0.53475936 | J30: =F30/(F30+H30) -> 0.97069597 | K30: =-LN(I30) -> 0.62593843 | L30: =-LN(J30) -> 0.029741969 | M30: {=LINEST(L30:L32,K30:K32,FALSE,TRUE)} -> 0.067070359 | N30: 0 | O30: =TINV(0.32,N33)*M31 -> 0.007769497 | P30: =O30*100/M30 -> 11.584099 | Q30: =-1.99*273*LN(M30)/1000 -> 1.4679226 | R30: =ABS(1.99*273*O30/M30/1000) -> 0.062932936
A31: (-)-fenchone-2 | B31: 0.2 | C31: 0.2 | D31: 0.12 | E31: 1 | F31: 1.59 | G31: 1.04 | H31: 0.081 | I31: =E31/(E31+G31) -> 0.49019608 | J31: =F31/(F31+H31) -> 0.95152603 | K31: =-LN(I31) -> 0.71294981 | L31: =-LN(J31) -> 0.049688233 | M31: 0.0059237759 | N31: #N/A
A32: (-)-fenchone-3 | B32: 0.2 | C32: 0.2 | D32: 0.16 | E32: 1 | F32: 2.95 | G32: 2.59 | H32: 0.28 | I32: =E32/(E32+G32) -> 0.27855153 | J32: =F32/(F32+H32) -> 0.91331269 | K32: =-LN(I32) -> 1.2781522 | L32: =-LN(J32) -> 0.090676967 | M32: 0.98463818 | N32: 0.0094293589
M33: 128.19291 | N33: 2
M34: 0.011397992 | N34: 0.00017782562
A35: fenchone (endo) | M35: =M30*2*0.93/(0.93+0.053) -> 0.12690831 | O35: =O30*2*0.93/(0.93+0.053) -> 0.014701184 | P35: =O30*100/M30 -> 11.584099 | Q35: =-1.99*273*LN(M35)/1000 -> 1.1214671 | R35: =ABS(1.99*273*O35/M35/1000) -> 0.062932936 | S35: Calculated diastereoselectivity from the reduction results of the pure product
A36: fenchone (exo) | M36: =M30*2*0.053/(0.93+0.053) -> 0.007232409 | O36: =O30*2*0.053/(0.93+0.053) -> 0.00083780944 | P36: =O30*100/M30 -> 11.584099 | Q36: =-1.99*273*LN(M36)/1000 -> 2.6778773 | R36: =ABS(1.99*273*O36/M36/1000) -> 0.062932936 | S36: Calculated diastereoselectivity from the reduction results of the pure product

Sheet others
B1: Starting amount [mmol] in 1mL MeOH | E1: Endpoint ratio (from 1H-NMR integration) | O1: confidence interval | Q1: ΔΔG [kcal/mol] | S1: note
B2: A1 | C2: A2 | D2: NaBH4 | E2: A1 | F2: A2 | G2: alcohol1 | H2: alcohol2 | I2: [A1]f / [A1]0 | J2: [A2]f / [A2]0 | K2: -ln([A1]f / [A1]0) | L2: -ln([A2]f / [A2]0) | M2: LINEST analysis | O2: ± 1σ | P2: % | Q2: value | R2: ±68% (1σ)
A3: A1 = 5-nonanone, A2 = adamantanone | B3: 0.2 | C3: 0.2 | D3: 0.02 | E3: 1.92 | F3: 1 | G3: 0.11 | H3: 0.98 | I3: =E3/(E3+G3) -> 0.94581281 | J3: =F3/(F3+H3) -> 0.50505051 | K3: =-LN(I3) -> 0.055710607 | L3: =-LN(J3) -> 0.68309684 | M3: {=LINEST(L3:L5,K3:K5,FALSE,TRUE)} -> 13.055276 | N3: 0 | O3: =_xlfn.T.INV.2T(0.32,N6)*M4 -> 0.20349358 | P3: =O3*100/M3 -> 1.5587076 | Q3: =-1.99*273*LN(M3)/1000 -> -1.3957651 | R3: =ABS(1.99*273*O3/M3/1000) -> 0.0084679908
B4: 0.2 | C4: 0.2 | D4: 0.04 | E4: 2.92 | F4: 1 | G4: 0.26 | H4: 2.08 | I4: =E4/(E4+G4) -> 0.91823899 | J4: =F4/(F4+H4) -> 0.32467532 | K4: =-LN(I4) -> 0.085297581 | L4: =-LN(J4) -> 1.1249296 | M4: 0.15515166 | N4: #N/A
B5: 0.2 | C5: 0.2 | D5: 0.06 | E5: 10.13 | F5: 1 | G5: 2.06 | H5: 10.3 | I5: =E5/(E5+G5) -> 0.83100902 | J5: =F5/(F5+H5) -> 0.088495575 | K5: =-LN(I5) -> 0.18511463 | L5: =-LN(J5) -> 2.4248027 | M5: 0.99971761 | N5: 0.03278321
M6: 7080.4238 | N6: 2
M7: 7.6096067 | N7: 0.0021494777
A8: A1 = adamantanone, A2 = 1-cyclopentylethanone | B8: 0.2 | C8: 0.2 | D8: 0.02 | E8: 1 | F8: 1.292 | G8: 0.638 | H8: 0.148 | I8: =E8/(E8+G8) -> 0.61050061 | J8: =F8/(F8+H8) -> 0.89722222 | K8: =-LN(I8) -> 0.49347599 | L8: =-LN(J8) -> 0.10845171 | M8: {=LINEST(L8:L10,K8:K10,FALSE,TRUE)} -> 0.22594973 | N8: 0 | O8: =_xlfn.T.INV.2T(0.32,N11)*M9 -> 0.0030327068 | P8: =O8*100/M8 -> 1.3422042 | Q8: =-1.99*273*LN(M8)/1000 -> 0.80808301 | R8: =ABS(1.99*273*O8/M8/1000) -> 0.0072917928
B9: 0.2 | C9: 0.2 | D9: 0.04 | E9: 1 | F9: 1.411 | G9: 0.69 | H9: 0.175 | I9: =E9/(E9+G9) -> 0.59171598 | J9: =F9/(F9+H9) -> 0.88965952 | K9: =-LN(I9) -> 0.52472853 | L9: =-LN(J9) -> 0.11691645 | M9: 0.0023122572 | N9: #N/A
B10: 0.2 | C10: 0.2 | D10: 0.06 | E10: 1 | F10: 1.937 | G10: 1.836 | H10: 0.52 | I10: =E10/(E10+G10) -> 0.35260931 | J10: =F10/(F10+H10) -> 0.78835979 | K10: =-LN(I10) -> 1.0423946 | L10: =-LN(J10) -> 0.23780071 | M10: 0.99979059 | N10: 0.0029297723
M11: 9548.8565 | N11: 2
M12: 0.08196324 | N12: 1.7167132e-05
A13: A1 = 1-cycloentylethanone, A2 = 5-nonanone | B13: 0.2 | C13: 0.2 | D13: 0.02 | E13: 1 | F13: 1.419 | G13: 0.373 | H13: 0.148 | I13: =E13/(E13+G13) -> 0.72833212 | J13: =F13/(F13+H13) -> 0.90555201 | K13: =-LN(I13) -> 0.31699813 | L13: =-LN(J13) -> 0.099210565 | M13: {=LINEST(L13:L15,K13:K15,FALSE,TRUE)} -> 0.3107138 | N13: 0 | O13: =_xlfn.T.INV.2T(0.32,N16)*M14 -> 0.0099686561 | P13: =O13*100/M13 -> 3.2083081 | Q13: =-1.99*273*LN(M13)/1000 -> 0.63501909 | R13: =ABS(1.99*273*O13/M13/1000) -> 0.017429776
B14: 0.2 | C14: 0.2 | D14: 0.04 | E14: 1 | F14: 1.678 | G14: 0.674 | H14: 0.276 | I14: =E14/(E14+G14) -> 0.59737157 | J14: =F14/(F14+H14) -> 0.85875128 | K14: =-LN(I14) -> 0.51521597 | L14: =-LN(J14) -> 0.15227595 | M14: 0.0076005029 | N14: #N/A
B15: 0.2 | C15: 0.2 | D15: 0.06 | E15: 1 | F15: 1.797 | G15: 0.95 | H15: 0.427 | I15: =E15/(E15+G15) -> 0.51282051 | J15: =F15/(F15+H15) -> 0.8080036 | K15: =-LN(I15) -> 0.66782937 | L15: =-LN(J15) -> 0.21318877 | M15: 0.99880471 | N15: 0.0068486031
M16: 1671.2308 | N16: 2
M17: 0.078386344 | N17: 9.3806728e-05
A18: A1 = adamantanone, A2 = 4,4-dimethoxy | B18: 0.2 | C18: 0.2 | D18: 0.02 | E18: 1 | F18: 1.218 | G18: 0.522 | H18: 0.12 | I18: =E18/(E18+G18) -> 0.65703022 | J18: =F18/(F18+H18) -> 0.9103139 | K18: =-LN(I18) -> 0.42002526 | L18: =-LN(J18) -> 0.093965792 | M18: {=LINEST(L18:L20,K18:K20,FALSE,TRUE)} -> 0.22277369 | N18: 0 | O18: =_xlfn.T.INV.2T(0.32,N21)*M19 -> 0.0037549201 | P18: =O18*100/M18 -> 1.6855312 | Q18: =-1.99*273*LN(M18)/1000 -> 0.81577362 | R18: =ABS(1.99*273*O18/M18/1000) -> 0.0091569856
B19: 0.2 | C19: 0.2 | D19: 0.04 | E19: 1 | F19: 1.575 | G19: 1.107 | H19: 0.296 | I19: =E19/(E19+G19) -> 0.47460845 | J19: =F19/(F19+H19) -> 0.84179583 | K19: =-LN(I19) -> 0.74526513 | L19: =-LN(J19) -> 0.17221778 | M19: 0.0028629016 | N19: #N/A
B20: 0.2 | C20: 0.2 | D20: 0.06 | E20: 1 | F20: 2.735 | G20: 3.466 | H20: 1.07 | I20: =E20/(E20+G20) -> 0.22391402 | J20: =F20/(F20+H20) -> 0.71879106 | K20: =-LN(I20) -> 1.4964932 | L20: =-LN(J20) -> 0.33018456 | M20: 0.9996698 | N20: 0.0049349425
M21: 6055.0112 | N21: 2
M22: 0.14746167 | N22: 4.8707314e-05
A23: A1 = 4,4-dimethoxy, A2 = 5-nonanone | B23: 0.2 | C23: 0.2 | D23: 0.02 | E23: 1 | F23: 0.625 | G23: 0.1 | H23: 0.196 | I23: =E23/(E23+G23) -> 0.90909091 | J23: =F23/(F23+H23) -> 0.76126675 | K23: =-LN(I23) -> 0.09531018 | L23: =-LN(J23) -> 0.27277146 | M23: {=LINEST(L23:L25,K23:K25,FALSE,TRUE)} -> 2.977704 | N23: 0 | O23: =_xlfn.T.INV.2T(0.32,N26)*M24 -> 0.066829077 | P23: =O23*100/M23 -> 2.2443156 | Q23: =-1.99*273*LN(M23)/1000 -> -0.59279044 | R23: =ABS(1.99*273*O23/M23/1000) -> 0.012192694
B24: 0.2 | C24: 0.2 | D24: 0.04 | E24: 1 | F24: 0.525 | G24: 0.17 | H24: 0.327 | I24: =E24/(E24+G24) -> 0.85470085 | J24: =F24/(F24+H24) -> 0.61619718 | K24: =-LN(I24) -> 0.15700375 | L24: =-LN(J24) -> 0.48418826 | M24: 0.050953167 | N24: #N/A
B25: 0.2 | C25: 0.2 | D25: 0.06 | E25: 1 | F25: 0.427 | G25: 0.257 | H25: 0.411 | I25: =E25/(E25+G25) -> 0.79554495 | J25: =F25/(F25+H25) -> 0.50954654 | K25: =-LN(I25) -> 0.22872793 | L25: =-LN(J25) -> 0.67423409 | M25: 0.99941473 | N25: 0.014946803
M26: 3415.2358 | N26: 2
M27: 0.76298734 | N27: 0.00044681386

Sheet diketone_reduction_results
B1: starting material [mmol] | E1: Endpoint ratio (from 1H-NMR integration) | J1: Endpoint ratio (scaled)
A2: entry | B2: diketone | C2: NaBH4 | D2: reaction time [min] | E2: 3one | F2: α-3ol | G2: β-3ol | H2: α-20ol | I2: β-20ol | J2: reaction rate [%] | K2: 3one | L2: 1 | M2: 2 | N2: 20one | O2: 3 | P2: 4 | Q2: note
A3: 0 | B3: - | C3: - | D3: - | E3: - | F3: - | G3: - | H3: - | I3: - | J3: 0 | K3: 100 | L3: 0 | M3: 0 | N3: 100 | O3: 0 | P3: 0
A4: 1 | B4: 0.5 | C4: 0.04 | D4: 60 | E4: 1 | F4: 0.042 | G4: 0.27 | H4: 0 | I4: 0 | J4: =100-SUM(K4,N4)/2 -> 11.890244 | K4: =E4/SUM($E4:$G4)*100 -> 76.219512 | L4: =F4/SUM($E4:$G4)*100 -> 3.2012195 | M4: =G4/SUM($E4:$G4)*100 -> 20.579268 | N4: =100-(SUM(H4:I4)/SUM($E4:$G4)*100) -> 100 | O4: =H4/SUM($E4:$G4)*100 -> 0 | P4: =I4/SUM($E4:$G4)*100 -> 0
A5: 2 | B5: 0.5 | C5: 0.07 | D5: 60 | E5: 1 | F5: 0.13 | G5: 0.66 | H5: 0 | I5: 0 | J5: =100-SUM(K5,N5)/2 -> 22.067039 | K5: =E5/SUM($E5:$G5)*100 -> 55.865922 | L5: =F5/SUM($E5:$G5)*100 -> 7.2625698 | M5: =G5/SUM($E5:$G5)*100 -> 36.871508 | N5: =100-(SUM(H5:I5)/SUM($E5:$G5)*100) -> 100 | O5: =H5/SUM($E5:$G5)*100 -> 0 | P5: =I5/SUM($E5:$G5)*100 -> 0
A6: 3 | B6: 0.5 | C6: 0.1 | D6: 60 | E6: 1 | F6: 0.17 | G6: 1 | H6: 0 | I6: 0 | J6: =100-SUM(K6,N6)/2 -> 26.958525 | K6: =E6/SUM($E6:$G6)*100 -> 46.082949 | L6: =F6/SUM($E6:$G6)*100 -> 7.8341014 | M6: =G6/SUM($E6:$G6)*100 -> 46.082949 | N6: =100-(SUM(H6:I6)/SUM($E6:$G6)*100) -> 100 | O6: =H6/SUM($E6:$G6)*100 -> 0 | P6: =I6/SUM($E6:$G6)*100 -> 0
A7: 4 | B7: 0.1 | C7: 0.025 | D7: 60 | E7: 1 | F7: 0.24 | G7: 1.65 | H7: 0 | I7: 0 | J7: =100-SUM(K7,N7)/2 -> 32.698962 | K7: =E7/SUM($E7:$G7)*100 -> 34.602076 | L7: =F7/SUM($E7:$G7)*100 -> 8.3044983 | M7: =G7/SUM($E7:$G7)*100 -> 57.093426 | N7: =100-(SUM(H7:I7)/SUM($E7:$G7)*100) -> 100 | O7: =H7/SUM($E7:$G7)*100 -> 0 | P7: =I7/SUM($E7:$G7)*100 -> 0
A8: 5 | B8: 0.1 | C8: 0.05 | D8: 60 | E8: 1 | F8: 0.33 | G8: 2.21 | H8: 0 | I8: 0 | J8: =100-SUM(K8,N8)/2 -> 35.875706 | K8: =E8/SUM($E8:$G8)*100 -> 28.248588 | L8: =F8/SUM($E8:$G8)*100 -> 9.3220339 | M8: =G8/SUM($E8:$G8)*100 -> 62.429379 | N8: =100-(SUM(H8:I8)/SUM($E8:$G8)*100) -> 100 | O8: =H8/SUM($E8:$G8)*100 -> 0 | P8: =I8/SUM($E8:$G8)*100 -> 0
A9: 6 | B9: 0.1 | C9: 0.03 | D9: 60 | E9: 1 | F9: 0.42 | G9: 2.45 | H9: 0 | I9: 0 | J9: =100-SUM(K9,N9)/2 -> 37.080103 | K9: =E9/SUM($E9:$G9)*100 -> 25.839793 | L9: =F9/SUM($E9:$G9)*100 -> 10.852713 | M9: =G9/SUM($E9:$G9)*100 -> 63.307494 | N9: =100-(SUM(H9:I9)/SUM($E9:$G9)*100) -> 100 | O9: =H9/SUM($E9:$G9)*100 -> 0 | P9: =I9/SUM($E9:$G9)*100 -> 0
A10: 7 | B10: 0.1 | C10: 0.04 | D10: 60 | E10: 1 | F10: 0.56 | G10: 3.56 | H10: 0 | I10: 0 | J10: =100-SUM(K10,N10)/2 -> 40.234375 | K10: =E10/SUM($E10:$G10)*100 -> 19.53125 | L10: =F10/SUM($E10:$G10)*100 -> 10.9375 | M10: =G10/SUM($E10:$G10)*100 -> 69.53125 | N10: =100-(SUM(H10:I10)/SUM($E10:$G10)*100) -> 100 | O10: =H10/SUM($E10:$G10)*100 -> 0 | P10: =I10/SUM($E10:$G10)*100 -> 0
A11: 8 | B11: 0.08 | C11: 0.04 | D11: 5 | E11: 0.33 | F11: 1 | G11: 7.17 | H11: =I11/9 -> 0.022222222 | I11: 0.2 | J11: =100-SUM(K11,N11)/2 -> 49.366013 | K11: =E11/SUM($E11:$G11)*100 -> 3.8823529 | L11: =F11/SUM($E11:$G11)*100 -> 11.764706 | M11: =G11/SUM($E11:$G11)*100 -> 84.352941 | N11: =100-(SUM(H11:I11)/SUM($E11:$G11)*100) -> 97.385621 | O11: =H11/SUM($E11:$G11)*100 -> 0.26143791 | P11: =I11/SUM($E11:$G11)*100 -> 2.3529412
A12: 9 | B12: 0.08 | C12: 0.04 | D12: 10 | E12: 0.23 | F12: 1 | G12: 7.18 | H12: =I12/9 -> 0.027 | I12: 0.243 | J12: =100-SUM(K12,N12)/2 -> 50.237812 | K12: =E12/SUM($E12:$G12)*100 -> 2.7348395 | L12: =F12/SUM($E12:$G12)*100 -> 11.890606 | M12: =G12/SUM($E12:$G12)*100 -> 85.374554 | N12: =100-(SUM(H12:I12)/SUM($E12:$G12)*100) -> 96.789536 | O12: =H12/SUM($E12:$G12)*100 -> 0.32104637 | P12: =I12/SUM($E12:$G12)*100 -> 2.8894174
A13: 10 | B13: 0.08 | C13: 0.04 | D13: 25 | E13: 0.14 | F13: 1 | G13: 7.2 | H13: =I13/9 -> 0.024666667 | I13: 0.222 | J13: =100-SUM(K13,N13)/2 -> 50.639488 | K13: =E13/SUM($E13:$G13)*100 -> 1.6786571 | L13: =F13/SUM($E13:$G13)*100 -> 11.990408 | M13: =G13/SUM($E13:$G13)*100 -> 86.330935 | N13: =100-(SUM(H13:I13)/SUM($E13:$G13)*100) -> 97.042366 | O13: =H13/SUM($E13:$G13)*100 -> 0.29576339 | P13: =I13/SUM($E13:$G13)*100 -> 2.6618705
A14: 11 | B14: 0.08 | C14: 0.04 | D14: 20 | E14: 0.13 | F14: 1 | G14: 7.14 | H14: =I14/9 -> 0.025777778 | I14: 0.232 | J14: =100-SUM(K14,N14)/2 -> 50.772538 | K14: =E14/SUM($E14:$G14)*100 -> 1.5719468 | L14: =F14/SUM($E14:$G14)*100 -> 12.091898 | M14: =G14/SUM($E14:$G14)*100 -> 86.336155 | N14: =100-(SUM(H14:I14)/SUM($E14:$G14)*100) -> 96.882977 | O14: =H14/SUM($E14:$G14)*100 -> 0.31170227 | P14: =I14/SUM($E14:$G14)*100 -> 2.8053204
A15: 12 | B15: 0.08 | C15: 0.04 | D15: 15 | E15: 0.11 | F15: 1 | G15: 6.9 | H15: =I15/9 -> 0.025333333 | I15: 0.228 | J15: =100-SUM(K15,N15)/2 -> 50.894715 | K15: =E15/SUM($E15:$G15)*100 -> 1.3732834 | L15: =F15/SUM($E15:$G15)*100 -> 12.484395 | M15: =G15/SUM($E15:$G15)*100 -> 86.142322 | N15: =100-(SUM(H15:I15)/SUM($E15:$G15)*100) -> 96.837287 | O15: =H15/SUM($E15:$G15)*100 -> 0.31627133 | P15: =I15/SUM($E15:$G15)*100 -> 2.8464419
A16: 13 | B16: 0.08 | C16: 0.04 | D16: 35 | E16: 0.02 | F16: 1 | G16: 7.17 | H16: =I16/9 -> 0.029555556 | I16: 0.266 | J16: =100-SUM(K16,N16)/2 -> 51.682268 | K16: =E16/SUM($E16:$G16)*100 -> 0.24420024 | L16: =F16/SUM($E16:$G16)*100 -> 12.210012 | M16: =G16/SUM($E16:$G16)*100 -> 87.545788 | N16: =100-(SUM(H16:I16)/SUM($E16:$G16)*100) -> 96.391263 | O16: =H16/SUM($E16:$G16)*100 -> 0.36087369 | P16: =I16/SUM($E16:$G16)*100 -> 3.2478632
A17: 14 | B17: 0.08 | C17: 0.04 | D17: 30 | E17: 0.02 | F17: 1 | G17: 7.07 | H17: =I17/9 -> 0.030888889 | I17: 0.278 | J17: =100-SUM(K17,N17)/2 -> 51.785469 | K17: =E17/SUM($E17:$G17)*100 -> 0.24721879 | L17: =F17/SUM($E17:$G17)*100 -> 12.360939 | M17: =G17/SUM($E17:$G17)*100 -> 87.391842 | N17: =100-(SUM(H17:I17)/SUM($E17:$G17)*100) -> 96.181843 | O17: =H17/SUM($E17:$G17)*100 -> 0.38181568 | P17: =I17/SUM($E17:$G17)*100 -> 3.4363412
A18: 15 | B18: 0.1 | C18: 0.05 | D18: 25 | E18: 0 | F18: 0.15 | G18: 1 | H18: =I18/9 -> 0.0041111111 | I18: 0.037 | J18: =100-SUM(K18,N18)/2 -> 51.78744 | K18: =E18/SUM($E18:$G18)*100 -> 0 | L18: =F18/SUM($E18:$G18)*100 -> 13.043478 | M18: =G18/SUM($E18:$G18)*100 -> 86.956522 | N18: =100-(SUM(H18:I18)/SUM($E18:$G18)*100) -> 96.425121 | O18: =H18/SUM($E18:$G18)*100 -> 0.35748792 | P18: =I18/SUM($E18:$G18)*100 -> 3.2173913
A19: 16 | B19: 0.08 | C19: 0.04 | D19: 45 | E19: 0 | F19: 1 | G19: 7.22 | H19: =I19/9 -> 0.035777778 | I19: 0.322 | J19: =100-SUM(K19,N19)/2 -> 52.176264 | K19: =E19/SUM($E19:$G19)*100 -> 0 | L19: =F19/SUM($E19:$G19)*100 -> 12.16545 | M19: =G19/SUM($E19:$G19)*100 -> 87.83455 | N19: =100-(SUM(H19:I19)/SUM($E19:$G19)*100) -> 95.647472 | O19: =H19/SUM($E19:$G19)*100 -> 0.43525277 | P19: =I19/SUM($E19:$G19)*100 -> 3.9172749
A20: 17 | B20: 0.08 | C20: 0.04 | D20: 40 | E20: 0 | F20: 1 | G20: 6.46 | H20: =I20/9 -> 0.036111111 | I20: 0.325 | J20: =100-SUM(K20,N20)/2 -> 52.420316 | K20: =E20/SUM($E20:$G20)*100 -> 0 | L20: =F20/SUM($E20:$G20)*100 -> 13.404826 | M20: =G20/SUM($E20:$G20)*100 -> 86.595174 | N20: =100-(SUM(H20:I20)/SUM($E20:$G20)*100) -> 95.159368 | O20: =H20/SUM($E20:$G20)*100 -> 0.48406315 | P20: =I20/SUM($E20:$G20)*100 -> 4.3565684
A21: 18 | B21: 0.1 | C21: 0.044 | D21: 60 | E21: 0 | F21: 2.34 | G21: 12.89 | H21: =I21/9 -> 0.11111111 | I21: 1 | J21: =100-SUM(K21,N21)/2 -> 53.647771 | K21: =E21/SUM($E21:$G21)*100 -> 0 | L21: =F21/SUM($E21:$G21)*100 -> 15.364412 | M21: =G21/SUM($E21:$G21)*100 -> 84.635588 | N21: =100-(SUM(H21:I21)/SUM($E21:$G21)*100) -> 92.704458 | O21: =H21/SUM($E21:$G21)*100 -> 0.72955424 | P21: =I21/SUM($E21:$G21)*100 -> 6.5659882
A22: 19 | B22: 0.1 | C22: 0.05 | D22: 60 | E22: 0 | F22: 2.05 | G22: 11 | H22: =I22/9 -> 0.11111111 | I22: 1 | J22: =100-SUM(K22,N22)/2 -> 54.257131 | K22: =E22/SUM($E22:$G22)*100 -> 0 | L22: =F22/SUM($E22:$G22)*100 -> 15.708812 | M22: =G22/SUM($E22:$G22)*100 -> 84.291188 | N22: =100-(SUM(H22:I22)/SUM($E22:$G22)*100) -> 91.485739 | O22: =H22/SUM($E22:$G22)*100 -> 0.85142614 | P22: =I22/SUM($E22:$G22)*100 -> 7.6628352
... A33: 30 | B33: 0.1 | C33: 0.08 | D33: 60 | E33: 0 | F33: 0.3 | G33: 0.85 | H33: =I33/9 -> 0.11111111 | I33: 1 | J33: =100-SUM(K33,N33)/2 -> 98.309179 | K33: =E33/SUM($E33:$G33)*100 -> 0 | L33: =F33/SUM($E33:$G33)*100 -> 26.086957 | M33: =G33/SUM($E33:$G33)*100 -> 73.913043 | N33: =100-(SUM(H33:I33)/SUM($E33:$G33)*100) -> 3.3816425 | O33: =H33/SUM($E33:$G33)*100 -> 9.6618357 | P33: =I33/SUM($E33:$G33)*100 -> 86.956522
A34: 31 | B34: 0.06 | C34: 0.6 | D34: 1200 | E34: 0 | F34: 12 | G34: 88 | H34: 9 | I34: 90 | J34: =100-SUM(K34,N34)/2 -> 99.5 | K34: =E34/SUM($E34:$G34)*100 -> 0 | L34: =F34/SUM($E34:$G34)*100 -> 12 | M34: =G34/SUM($E34:$G34)*100 -> 88 | N34: =100-(SUM(H34:I34)/SUM($E34:$G34)*100) -> 1 | O34: =H34/SUM($E34:$G34)*100 -> 9 | P34: =I34/SUM($E34:$G34)*100 -> 90
